fold,mode,total_trades,winning_trades,losing_trades,win_rate,total_pnl,total_return_pct,avg_win,avg_loss,largest_win,largest_loss,current_capital,peak_capital,current_drawdown,open_positions,start_time,end_time
0,rule,0,0,0,0,0,0.0,0,0,0,0,500.0,500.0,0.0,0,2026-02-15 12:15:00.394740,2026-02-19 16:15:00.394775
0,ml,0,0,0,0,0,0.0,0,0,0,0,500.0,500.0,0.0,0,2026-02-15 12:15:01.684834,2026-02-19 16:15:01.684842
1,rule,0,0,0,0,0,0.0,0,0,0,0,500.0,500.0,0.0,0,2026-02-15 12:15:01.932499,2026-02-19 16:15:01.932502
1,ml,0,0,0,0,0,0.0,0,0,0,0,500.0,500.0,0.0,0,2026-02-15 12:15:02.209197,2026-02-19 16:15:02.209203
2,rule,0,0,0,0,0,0.0,0,0,0,0,500.0,500.0,0.0,0,2026-02-15 12:15:02.453065,2026-02-19 16:15:02.453069
2,ml,0,0,0,0,0,0.0,0,0,0,0,500.0,500.0,0.0,0,2026-02-15 12:15:02.738022,2026-02-19 16:15:02.738026
3,rule,0,0,0,0,0,0.0,0,0,0,0,500.0,500.0,0.0,0,2026-02-15 12:15:02.967990,2026-02-19 16:15:02.967994
3,ml,0,0,0,0,0,0.0,0,0,0,0,500.0,500.0,0.0,0,2026-02-15 12:15:03.404792,2026-02-19 16:15:03.404798
4,rule,0,0,0,0,0,0.0,0,0,0,0,500.0,500.0,0.0,0,2026-02-15 12:15:03.647782,2026-02-19 16:15:03.647786
4,ml,0,0,0,0,0,0.0,0,0,0,0,500.0,500.0,0.0,0,2026-02-15 12:15:03.910871,2026-02-19 16:15:03.910875
5,rule,0,0,0,0,0,0.0,0,0,0,0,500.0,500.0,0.0,0,2026-02-15 12:15:04.199631,2026-02-19 16:15:04.199639
5,ml,0,0,0,0,0,0.0,0,0,0,0,500.0,500.0,0.0,0,2026-02-15 12:15:04.477013,2026-02-19 16:15:04.477017
6,rule,0,0,0,0,0,0.0,0,0,0,0,500.0,500.0,0.0,0,2026-02-15 12:15:04.711288,2026-02-19 16:15:04.711292
6,ml,0,0,0,0,0,0.0,0,0,0,0,500.0,500.0,0.0,0,2026-02-15 12:15:04.974622,2026-02-19 16:15:04.974626
7,rule,0,0,0,0,0,0.0,0,0,0,0,500.0,500.0,0.0,0,2026-02-15 12:15:05.216326,2026-02-19 16:15:05.216334
7,ml,0,0,0,0,0,0.0,0,0,0,0,500.0,500.0,0.0,0,2026-02-15 12:15:05.494637,2026-02-19 16:15:05.494642
8,rule,0,0,0,0,0,0.0,0,0,0,0,500.0,500.0,0.0,0,2026-02-15 12:15:05.898361,2026-02-19 16:15:05.898365
8,ml,0,0,0,0,0,0.0,0,0,0,0,500.0,500.0,0.0,0,2026-02-15 12:15:06.161533,2026-02-19 16:15:06.161537
9,rule,0,0,0,0,0,0.0,0,0,0,0,500.0,500.0,0.0,0,2026-02-15 12:15:06.394469,2026-02-19 16:15:06.394473
9,ml,0,0,0,0,0,0.0,0,0,0,0,500.0,500.0,0.0,0,2026-02-15 12:15:06.677984,2026-02-19 16:15:06.677987
10,rule,0,0,0,0,0,0.0,0,0,0,0,500.0,500.0,0.0,0,2026-02-15 12:15:06.902921,2026-02-19 16:15:06.902925
10,ml,0,0,0,0,0,0.0,0,0,0,0,500.0,500.0,0.0,0,2026-02-15 12:15:07.201583,2026-02-19 16:15:07.201588
11,rule,0,0,0,0,0,0.0,0,0,0,0,500.0,500.0,0.0,0,2026-02-15 12:15:07.451793,2026-02-19 16:15:07.451798
11,ml,0,0,0,0,0,0.0,0,0,0,0,500.0,500.0,0.0,0,2026-02-15 12:15:07.865914,2026-02-19 16:15:07.865920
12,rule,0,0,0,0,0,0.0,0,0,0,0,500.0,500.0,0.0,0,2026-02-15 12:15:08.117706,2026-02-19 16:15:08.117710
12,ml,0,0,0,0,0,0.0,0,0,0,0,500.0,500.0,0.0,0,2026-02-15 12:15:08.516628,2026-02-19 16:15:08.516636
13,rule,0,0,0,0,0,0.0,0,0,0,0,500.0,500.0,0.0,0,2026-02-15 12:15:08.878440,2026-02-19 16:15:08.878448
13,ml,0,0,0,0,0,0.0,0,0,0,0,500.0,500.0,0.0,0,2026-02-15 12:15:09.440935,2026-02-19 16:15:09.440939
14,rule,0,0,0,0,0,0.0,0,0,0,0,500.0,500.0,0.0,0,2026-02-15 12:15:09.704649,2026-02-19 16:15:09.704653
14,ml,0,0,0,0,0,0.0,0,0,0,0,500.0,500.0,0.0,0,2026-02-15 12:15:10.100374,2026-02-19 16:15:10.100378
15,rule,0,0,0,0,0,0.0,0,0,0,0,500.0,500.0,0.0,0,2026-02-15 12:15:10.378167,2026-02-19 16:15:10.378171
15,ml,0,0,0,0,0,0.0,0,0,0,0,500.0,500.0,0.0,0,2026-02-15 12:15:10.640955,2026-02-19 16:15:10.640969
16,rule,0,0,0,0,0,0.0,0,0,0,0,500.0,500.0,0.0,0,2026-02-15 12:15:10.871689,2026-02-19 16:15:10.871693
16,ml,0,0,0,0,0,0.0,0,0,0,0,500.0,500.0,0.0,0,2026-02-15 12:15:11.136499,2026-02-19 16:15:11.136504
17,rule,0,0,0,0,0,0.0,0,0,0,0,500.0,500.0,0.0,0,2026-02-15 12:15:11.401315,2026-02-19 16:15:11.401319
17,ml,0,0,0,0,0,0.0,0,0,0,0,500.0,500.0,0.0,0,2026-02-15 12:15:11.680136,2026-02-19 16:15:11.680140
18,rule,0,0,0,0,0,0.0,0,0,0,0,500.0,500.0,0.0,0,2026-02-15 12:15:11.911628,2026-02-19 16:15:11.911633
18,ml,0,0,0,0,0,0.0,0,0,0,0,500.0,500.0,0.0,0,2026-02-15 12:15:12.195372,2026-02-19 16:15:12.195377
19,rule,0,0,0,0,0,0.0,0,0,0,0,500.0,500.0,0.0,0,2026-02-15 12:15:12.469621,2026-02-19 16:15:12.469626
19,ml,0,0,0,0,0,0.0,0,0,0,0,500.0,500.0,0.0,0,2026-02-15 12:15:12.982178,2026-02-19 16:15:12.982182
20,rule,0,0,0,0,0,0.0,0,0,0,0,500.0,500.0,0.0,0,2026-02-15 12:15:13.232910,2026-02-19 16:15:13.232913
20,ml,0,0,0,0,0,0.0,0,0,0,0,500.0,500.0,0.0,0,2026-02-15 12:15:13.502125,2026-02-19 16:15:13.502130
21,rule,0,0,0,0,0,0.0,0,0,0,0,500.0,500.0,0.0,0,2026-02-15 12:15:13.747903,2026-02-19 16:15:13.747906
21,ml,0,0,0,0,0,0.0,0,0,0,0,500.0,500.0,0.0,0,2026-02-15 12:15:14.017730,2026-02-19 16:15:14.017735
22,rule,0,0,0,0,0,0.0,0,0,0,0,500.0,500.0,0.0,0,2026-02-15 12:15:14.274187,2026-02-19 16:15:14.274196
22,ml,0,0,0,0,0,0.0,0,0,0,0,500.0,500.0,0.0,0,2026-02-15 12:15:14.613982,2026-02-19 16:15:14.613987
23,rule,0,0,0,0,0,0.0,0,0,0,0,500.0,500.0,0.0,0,2026-02-15 12:15:15.170761,2026-02-19 16:15:15.170768
23,ml,0,0,0,0,0,0.0,0,0,0,0,500.0,500.0,0.0,0,2026-02-15 12:15:15.462535,2026-02-19 16:15:15.462540
24,rule,0,0,0,0,0,0.0,0,0,0,0,500.0,500.0,0.0,0,2026-02-15 12:15:15.697561,2026-02-19 16:15:15.697565
24,ml,0,0,0,0,0,0.0,0,0,0,0,500.0,500.0,0.0,0,2026-02-15 12:15:15.960333,2026-02-19 16:15:15.960338
25,rule,0,0,0,0,0,0.0,0,0,0,0,500.0,500.0,0.0,0,2026-02-15 12:15:16.190420,2026-02-19 16:15:16.190424
25,ml,0,0,0,0,0,0.0,0,0,0,0,500.0,500.0,0.0,0,2026-02-15 12:15:16.509161,2026-02-19 16:15:16.509167
26,rule,0,0,0,0,0,0.0,0,0,0,0,500.0,500.0,0.0,0,2026-02-15 12:15:16.777532,2026-02-19 16:15:16.777538
26,ml,0,0,0,0,0,0.0,0,0,0,0,500.0,500.0,0.0,0,2026-02-15 12:15:17.059792,2026-02-19 16:15:17.059798
27,rule,0,0,0,0,0,0.0,0,0,0,0,500.0,500.0,0.0,0,2026-02-15 12:15:17.355037,2026-02-19 16:15:17.355041
27,ml,0,0,0,0,0,0.0,0,0,0,0,500.0,500.0,0.0,0,2026-02-15 12:15:17.677690,2026-02-19 16:15:17.677694
28,rule,0,0,0,0,0,0.0,0,0,0,0,500.0,500.0,0.0,0,2026-02-15 12:15:17.930411,2026-02-19 16:15:17.930415
28,ml,0,0,0,0,0,0.0,0,0,0,0,500.0,500.0,0.0,0,2026-02-15 12:15:18.495874,2026-02-19 16:15:18.495879
29,rule,0,0,0,0,0,0.0,0,0,0,0,500.0,500.0,0.0,0,2026-02-15 12:15:18.802151,2026-02-19 16:15:18.802154
29,ml,0,0,0,0,0,0.0,0,0,0,0,500.0,500.0,0.0,0,2026-02-15 12:15:19.089262,2026-02-19 16:15:19.089270
30,rule,0,0,0,0,0,0.0,0,0,0,0,500.0,500.0,0.0,0,2026-02-15 12:15:19.321129,2026-02-19 16:15:19.321133
30,ml,0,0,0,0,0,0.0,0,0,0,0,500.0,500.0,0.0,0,2026-02-15 12:15:19.585971,2026-02-19 16:15:19.585976
31,rule,0,0,0,0,0,0.0,0,0,0,0,500.0,500.0,0.0,0,2026-02-15 12:15:19.818212,2026-02-19 16:15:19.818215
31,ml,0,0,0,0,0,0.0,0,0,0,0,500.0,500.0,0.0,0,2026-02-15 12:15:20.082410,2026-02-19 16:15:20.082414
32,rule,0,0,0,0,0,0.0,0,0,0,0,500.0,500.0,0.0,0,2026-02-15 12:15:20.504444,2026-02-19 16:15:20.504449
32,ml,0,0,0,0,0,0.0,0,0,0,0,500.0,500.0,0.0,0,2026-02-15 12:15:20.772091,2026-02-19 16:15:20.772097
33,rule,0,0,0,0,0,0.0,0,0,0,0,500.0,500.0,0.0,0,2026-02-15 12:15:21.001468,2026-02-19 16:15:21.001472
33,ml,0,0,0,0,0,0.0,0,0,0,0,500.0,500.0,0.0,0,2026-02-15 12:15:21.278121,2026-02-19 16:15:21.278125
34,rule,0,0,0,0,0,0.0,0,0,0,0,500.0,500.0,0.0,0,2026-02-15 12:15:21.508466,2026-02-19 16:15:21.508473
34,ml,0,0,0,0,0,0.0,0,0,0,0,500.0,500.0,0.0,0,2026-02-15 12:15:21.782566,2026-02-19 16:15:21.782570
35,rule,0,0,0,0,0,0.0,0,0,0,0,500.0,500.0,0.0,0,2026-02-15 12:15:22.009059,2026-02-19 16:15:22.009063
35,ml,0,0,0,0,0,0.0,0,0,0,0,500.0,500.0,0.0,0,2026-02-15 12:15:22.275079,2026-02-19 16:15:22.275083
36,rule,0,0,0,0,0,0.0,0,0,0,0,500.0,500.0,0.0,0,2026-02-15 12:15:22.498532,2026-02-19 16:15:22.498536
36,ml,0,0,0,0,0,0.0,0,0,0,0,500.0,500.0,0.0,0,2026-02-15 12:15:22.767103,2026-02-19 16:15:22.767107
37,rule,0,0,0,0,0,0.0,0,0,0,0,500.0,500.0,0.0,0,2026-02-15 12:15:22.991381,2026-02-19 16:15:22.991385
37,ml,0,0,0,0,0,0.0,0,0,0,0,500.0,500.0,0.0,0,2026-02-15 12:15:23.366776,2026-02-19 16:15:23.366781
38,rule,0,0,0,0,0,0.0,0,0,0,0,500.0,500.0,0.0,0,2026-02-15 12:15:23.616503,2026-02-19 16:15:23.616506
38,ml,0,0,0,0,0,0.0,0,0,0,0,500.0,500.0,0.0,0,2026-02-15 12:15:23.882517,2026-02-19 16:15:23.882524
39,rule,0,0,0,0,0,0.0,0,0,0,0,500.0,500.0,0.0,0,2026-02-15 12:15:24.109665,2026-02-19 16:15:24.109669
39,ml,0,0,0,0,0,0.0,0,0,0,0,500.0,500.0,0.0,0,2026-02-15 12:15:24.376487,2026-02-19 16:15:24.376492
40,rule,0,0,0,0,0,0.0,0,0,0,0,500.0,500.0,0.0,0,2026-02-15 12:15:24.677317,2026-02-19 16:15:24.677321
40,ml,0,0,0,0,0,0.0,0,0,0,0,500.0,500.0,0.0,0,2026-02-15 12:15:24.937401,2026-02-19 16:15:24.937446
41,rule,0,0,0,0,0,0.0,0,0,0,0,500.0,500.0,0.0,0,2026-02-15 12:15:25.175663,2026-02-19 16:15:25.175667
41,ml,0,0,0,0,0,0.0,0,0,0,0,500.0,500.0,0.0,0,2026-02-15 12:15:25.679022,2026-02-19 16:15:25.679026
42,rule,0,0,0,0,0,0.0,0,0,0,0,500.0,500.0,0.0,0,2026-02-15 12:15:25.901457,2026-02-19 16:15:25.901462
42,ml,0,0,0,0,0,0.0,0,0,0,0,500.0,500.0,0.0,0,2026-02-15 12:15:26.329533,2026-02-19 16:15:26.329537
43,rule,0,0,0,0,0,0.0,0,0,0,0,500.0,500.0,0.0,0,2026-02-15 12:15:26.581295,2026-02-19 16:15:26.581299
43,ml,0,0,0,0,0,0.0,0,0,0,0,500.0,500.0,0.0,0,2026-02-15 12:15:26.863085,2026-02-19 16:15:26.863089
44,rule,0,0,0,0,0,0.0,0,0,0,0,500.0,500.0,0.0,0,2026-02-15 12:15:27.089767,2026-02-19 16:15:27.089776
44,ml,0,0,0,0,0,0.0,0,0,0,0,500.0,500.0,0.0,0,2026-02-15 12:15:27.357374,2026-02-19 16:15:27.357378
45,rule,0,0,0,0,0,0.0,0,0,0,0,500.0,500.0,0.0,0,2026-02-15 12:15:27.582692,2026-02-19 16:15:27.582696
45,ml,0,0,0,0,0,0.0,0,0,0,0,500.0,500.0,0.0,0,2026-02-15 12:15:27.851106,2026-02-19 16:15:27.851109
46,rule,0,0,0,0,0,0.0,0,0,0,0,500.0,500.0,0.0,0,2026-02-15 12:15:28.077077,2026-02-19 16:15:28.077081
46,ml,0,0,0,0,0,0.0,0,0,0,0,500.0,500.0,0.0,0,2026-02-15 12:15:28.343557,2026-02-19 16:15:28.343561
47,rule,0,0,0,0,0,0.0,0,0,0,0,500.0,500.0,0.0,0,2026-02-15 12:15:28.677191,2026-02-19 16:15:28.677195
47,ml,0,0,0,0,0,0.0,0,0,0,0,500.0,500.0,0.0,0,2026-02-15 12:15:28.957084,2026-02-19 16:15:28.957090
48,rule,0,0,0,0,0,0.0,0,0,0,0,500.0,500.0,0.0,0,2026-02-15 12:15:29.193027,2026-02-19 16:15:29.193030
48,ml,0,0,0,0,0,0.0,0,0,0,0,500.0,500.0,0.0,0,2026-02-15 12:15:29.454277,2026-02-19 16:15:29.454281
49,rule,0,0,0,0,0,0.0,0,0,0,0,500.0,500.0,0.0,0,2026-02-15 12:15:29.691566,2026-02-19 16:15:29.691569
49,ml,0,0,0,0,0,0.0,0,0,0,0,500.0,500.0,0.0,0,2026-02-15 12:15:29.952200,2026-02-19 16:15:29.952205
50,rule,0,0,0,0,0,0.0,0,0,0,0,500.0,500.0,0.0,0,2026-02-15 12:15:30.181937,2026-02-19 16:15:30.181942
50,ml,0,0,0,0,0,0.0,0,0,0,0,500.0,500.0,0.0,0,2026-02-15 12:15:30.461508,2026-02-19 16:15:30.461516
51,rule,0,0,0,0,0,0.0,0,0,0,0,500.0,500.0,0.0,0,2026-02-15 12:15:30.889421,2026-02-19 16:15:30.889425
51,ml,0,0,0,0,0,0.0,0,0,0,0,500.0,500.0,0.0,0,2026-02-15 12:15:31.156221,2026-02-19 16:15:31.156234
52,rule,0,0,0,0,0,0.0,0,0,0,0,500.0,500.0,0.0,0,2026-02-15 12:15:31.385812,2026-02-19 16:15:31.385816
52,ml,0,0,0,0,0,0.0,0,0,0,0,500.0,500.0,0.0,0,2026-02-15 12:15:31.647287,2026-02-19 16:15:31.647290
53,rule,0,0,0,0,0,0.0,0,0,0,0,500.0,500.0,0.0,0,2026-02-15 12:15:31.876796,2026-02-19 16:15:31.876800
53,ml,0,0,0,0,0,0.0,0,0,0,0,500.0,500.0,0.0,0,2026-02-15 12:15:32.136128,2026-02-19 16:15:32.136135
54,rule,0,0,0,0,0,0.0,0,0,0,0,500.0,500.0,0.0,0,2026-02-15 12:15:32.371352,2026-02-19 16:15:32.371356
54,ml,0,0,0,0,0,0.0,0,0,0,0,500.0,500.0,0.0,0,2026-02-15 12:15:32.635111,2026-02-19 16:15:32.635115
55,rule,0,0,0,0,0,0.0,0,0,0,0,500.0,500.0,0.0,0,2026-02-15 12:15:32.882057,2026-02-19 16:15:32.882061
55,ml,0,0,0,0,0,0.0,0,0,0,0,500.0,500.0,0.0,0,2026-02-15 12:15:33.181918,2026-02-19 16:15:33.181923
56,rule,0,0,0,0,0,0.0,0,0,0,0,500.0,500.0,0.0,0,2026-02-15 12:15:33.425782,2026-02-19 16:15:33.425786
56,ml,0,0,0,0,0,0.0,0,0,0,0,500.0,500.0,0.0,0,2026-02-15 12:15:33.836594,2026-02-19 16:15:33.836598
57,rule,0,0,0,0,0,0.0,0,0,0,0,500.0,500.0,0.0,0,2026-02-15 12:15:34.089665,2026-02-19 16:15:34.089675
57,ml,0,0,0,0,0,0.0,0,0,0,0,500.0,500.0,0.0,0,2026-02-15 12:15:34.384016,2026-02-19 16:15:34.384020
58,rule,0,0,0,0,0,0.0,0,0,0,0,500.0,500.0,0.0,0,2026-02-15 12:15:34.695475,2026-02-19 16:15:34.695479
58,ml,0,0,0,0,0,0.0,0,0,0,0,500.0,500.0,0.0,0,2026-02-15 12:15:34.995258,2026-02-19 16:15:34.995262
59,rule,0,0,0,0,0,0.0,0,0,0,0,500.0,500.0,0.0,0,2026-02-15 12:15:35.277492,2026-02-19 16:15:35.277498
59,ml,0,0,0,0,0,0.0,0,0,0,0,500.0,500.0,0.0,0,2026-02-15 12:15:35.564627,2026-02-19 16:15:35.564632
60,rule,0,0,0,0,0,0.0,0,0,0,0,500.0,500.0,0.0,0,2026-02-15 12:15:35.810099,2026-02-19 16:15:35.810103
60,ml,0,0,0,0,0,0.0,0,0,0,0,500.0,500.0,0.0,0,2026-02-15 12:15:36.233264,2026-02-19 16:15:36.233270
61,rule,0,0,0,0,0,0.0,0,0,0,0,500.0,500.0,0.0,0,2026-02-15 12:15:36.467320,2026-02-19 16:15:36.467324
61,ml,0,0,0,0,0,0.0,0,0,0,0,500.0,500.0,0.0,0,2026-02-15 12:15:36.736932,2026-02-19 16:15:36.736937
62,rule,0,0,0,0,0,0.0,0,0,0,0,500.0,500.0,0.0,0,2026-02-15 12:15:36.965373,2026-02-19 16:15:36.965377
62,ml,0,0,0,0,0,0.0,0,0,0,0,500.0,500.0,0.0,0,2026-02-15 12:15:37.233734,2026-02-19 16:15:37.233739
63,rule,0,0,0,0,0,0.0,0,0,0,0,500.0,500.0,0.0,0,2026-02-15 12:15:37.461836,2026-02-19 16:15:37.461842
63,ml,0,0,0,0,0,0.0,0,0,0,0,500.0,500.0,0.0,0,2026-02-15 12:15:37.732509,2026-02-19 16:15:37.732513
64,rule,0,0,0,0,0,0.0,0,0,0,0,500.0,500.0,0.0,0,2026-02-15 12:15:37.958918,2026-02-19 16:15:37.958921
64,ml,0,0,0,0,0,0.0,0,0,0,0,500.0,500.0,0.0,0,2026-02-15 12:15:38.226311,2026-02-19 16:15:38.226315
65,rule,0,0,0,0,0,0.0,0,0,0,0,500.0,500.0,0.0,0,2026-02-15 12:15:38.451863,2026-02-19 16:15:38.451867
65,ml,0,0,0,0,0,0.0,0,0,0,0,500.0,500.0,0.0,0,2026-02-15 12:15:38.721107,2026-02-19 16:15:38.721112
66,rule,0,0,0,0,0,0.0,0,0,0,0,500.0,500.0,0.0,0,2026-02-15 12:15:38.947478,2026-02-19 16:15:38.947482
66,ml,0,0,0,0,0,0.0,0,0,0,0,500.0,500.0,0.0,0,2026-02-15 12:15:39.348805,2026-02-19 16:15:39.348810
67,rule,0,0,0,0,0,0.0,0,0,0,0,500.0,500.0,0.0,0,2026-02-15 12:15:39.583597,2026-02-19 16:15:39.583601
67,ml,0,0,0,0,0,0.0,0,0,0,0,500.0,500.0,0.0,0,2026-02-15 12:15:39.856825,2026-02-19 16:15:39.856831
68,rule,0,0,0,0,0,0.0,0,0,0,0,500.0,500.0,0.0,0,2026-02-15 12:15:40.084032,2026-02-19 16:15:40.084037
68,ml,0,0,0,0,0,0.0,0,0,0,0,500.0,500.0,0.0,0,2026-02-15 12:15:40.378107,2026-02-19 16:15:40.378111
69,rule,0,0,0,0,0,0.0,0,0,0,0,500.0,500.0,0.0,0,2026-02-15 12:15:40.601561,2026-02-19 16:15:40.601565
69,ml,0,0,0,0,0,0.0,0,0,0,0,500.0,500.0,0.0,0,2026-02-15 12:15:40.871600,2026-02-19 16:15:40.871610
70,rule,0,0,0,0,0,0.0,0,0,0,0,500.0,500.0,0.0,0,2026-02-15 12:15:41.100821,2026-02-19 16:15:41.100825
70,ml,0,0,0,0,0,0.0,0,0,0,0,500.0,500.0,0.0,0,2026-02-15 12:15:41.539442,2026-02-19 16:15:41.539451
71,rule,0,0,0,0,0,0.0,0,0,0,0,500.0,500.0,0.0,0,2026-02-15 12:15:41.767369,2026-02-19 16:15:41.767373
71,ml,0,0,0,0,0,0.0,0,0,0,0,500.0,500.0,0.0,0,2026-02-15 12:15:42.058076,2026-02-19 16:15:42.058080
72,rule,0,0,0,0,0,0.0,0,0,0,0,500.0,500.0,0.0,0,2026-02-15 12:15:42.323451,2026-02-19 16:15:42.323457
72,ml,0,0,0,0,0,0.0,0,0,0,0,500.0,500.0,0.0,0,2026-02-15 12:15:42.603209,2026-02-19 16:15:42.603213
73,rule,0,0,0,0,0,0.0,0,0,0,0,500.0,500.0,0.0,0,2026-02-15 12:15:42.851587,2026-02-19 16:15:42.851591
73,ml,0,0,0,0,0,0.0,0,0,0,0,500.0,500.0,0.0,0,2026-02-15 12:15:43.139065,2026-02-19 16:15:43.139200
74,rule,0,0,0,0,0,0.0,0,0,0,0,500.0,500.0,0.0,0,2026-02-15 12:15:43.400202,2026-02-19 16:15:43.400209
74,ml,0,0,0,0,0,0.0,0,0,0,0,500.0,500.0,0.0,0,2026-02-15 12:15:43.688157,2026-02-19 16:15:43.688165
75,rule,0,0,0,0,0,0.0,0,0,0,0,500.0,500.0,0.0,0,2026-02-15 12:15:43.932752,2026-02-19 16:15:43.932760
75,ml,0,0,0,0,0,0.0,0,0,0,0,500.0,500.0,0.0,0,2026-02-15 12:15:44.249489,2026-02-19 16:15:44.249494
76,rule,0,0,0,0,0,0.0,0,0,0,0,500.0,500.0,0.0,0,2026-02-15 12:15:44.498248,2026-02-19 16:15:44.498252
76,ml,0,0,0,0,0,0.0,0,0,0,0,500.0,500.0,0.0,0,2026-02-15 12:15:45.030994,2026-02-19 16:15:45.030998
77,rule,0,0,0,0,0,0.0,0,0,0,0,500.0,500.0,0.0,0,2026-02-15 12:15:45.395917,2026-02-19 16:15:45.395921
77,ml,0,0,0,0,0,0.0,0,0,0,0,500.0,500.0,0.0,0,2026-02-15 12:15:45.669805,2026-02-19 16:15:45.669811
78,rule,0,0,0,0,0,0.0,0,0,0,0,500.0,500.0,0.0,0,2026-02-15 12:15:45.897289,2026-02-19 16:15:45.897293
78,ml,0,0,0,0,0,0.0,0,0,0,0,500.0,500.0,0.0,0,2026-02-15 12:15:46.162270,2026-02-19 16:15:46.162274
79,rule,0,0,0,0,0,0.0,0,0,0,0,500.0,500.0,0.0,0,2026-02-15 12:15:46.395822,2026-02-19 16:15:46.395829
79,ml,0,0,0,0,0,0.0,0,0,0,0,500.0,500.0,0.0,0,2026-02-15 12:15:46.663811,2026-02-19 16:15:46.663818
80,rule,0,0,0,0,0,0.0,0,0,0,0,500.0,500.0,0.0,0,2026-02-15 12:15:47.032058,2026-02-19 16:15:47.032063
80,ml,0,0,0,0,0,0.0,0,0,0,0,500.0,500.0,0.0,0,2026-02-15 12:15:47.309000,2026-02-19 16:15:47.309004
81,rule,0,0,0,0,0,0.0,0,0,0,0,500.0,500.0,0.0,0,2026-02-15 12:15:47.531009,2026-02-19 16:15:47.531013
81,ml,0,0,0,0,0,0.0,0,0,0,0,500.0,500.0,0.0,0,2026-02-15 12:15:47.801358,2026-02-19 16:15:47.801362
82,rule,0,0,0,0,0,0.0,0,0,0,0,500.0,500.0,0.0,0,2026-02-15 12:15:48.027606,2026-02-19 16:15:48.027610
82,ml,0,0,0,0,0,0.0,0,0,0,0,500.0,500.0,0.0,0,2026-02-15 12:15:48.296131,2026-02-19 16:15:48.296139
83,rule,0,0,0,0,0,0.0,0,0,0,0,500.0,500.0,0.0,0,2026-02-15 12:15:48.523261,2026-02-19 16:15:48.523265
83,ml,0,0,0,0,0,0.0,0,0,0,0,500.0,500.0,0.0,0,2026-02-15 12:15:48.792839,2026-02-19 16:15:48.792843
84,rule,0,0,0,0,0,0.0,0,0,0,0,500.0,500.0,0.0,0,2026-02-15 12:15:49.021950,2026-02-19 16:15:49.021955
84,ml,0,0,0,0,0,0.0,0,0,0,0,500.0,500.0,0.0,0,2026-02-15 12:15:49.290580,2026-02-19 16:15:49.290584
85,rule,0,0,0,0,0,0.0,0,0,0,0,500.0,500.0,0.0,0,2026-02-15 12:15:49.515384,2026-02-19 16:15:49.515388
85,ml,0,0,0,0,0,0.0,0,0,0,0,500.0,500.0,0.0,0,2026-02-15 12:15:49.788943,2026-02-19 16:15:49.788949
86,rule,0,0,0,0,0,0.0,0,0,0,0,500.0,500.0,0.0,0,2026-02-15 12:15:50.014146,2026-02-19 16:15:50.014150
86,ml,0,0,0,0,0,0.0,0,0,0,0,500.0,500.0,0.0,0,2026-02-15 12:15:50.520026,2026-02-19 16:15:50.520030
87,rule,0,0,0,0,0,0.0,0,0,0,0,500.0,500.0,0.0,0,2026-02-15 12:15:50.752890,2026-02-19 16:15:50.752894
87,ml,0,0,0,0,0,0.0,0,0,0,0,500.0,500.0,0.0,0,2026-02-15 12:15:51.015665,2026-02-19 16:15:51.015669
88,rule,0,0,0,0,0,0.0,0,0,0,0,500.0,500.0,0.0,0,2026-02-15 12:15:51.248427,2026-02-19 16:15:51.248430
88,ml,0,0,0,0,0,0.0,0,0,0,0,500.0,500.0,0.0,0,2026-02-15 12:15:51.514644,2026-02-19 16:15:51.514648
89,rule,0,0,0,0,0,0.0,0,0,0,0,500.0,500.0,0.0,0,2026-02-15 12:15:51.915378,2026-02-19 16:15:51.915383
89,ml,0,0,0,0,0,0.0,0,0,0,0,500.0,500.0,0.0,0,2026-02-15 12:15:52.401810,2026-02-19 16:15:52.401839
90,rule,0,0,0,0,0,0.0,0,0,0,0,500.0,500.0,0.0,0,2026-02-15 12:15:52.635708,2026-02-19 16:15:52.635712
90,ml,0,0,0,0,0,0.0,0,0,0,0,500.0,500.0,0.0,0,2026-02-15 12:15:52.903365,2026-02-19 16:15:52.903369
91,rule,0,0,0,0,0,0.0,0,0,0,0,500.0,500.0,0.0,0,2026-02-15 12:15:53.129071,2026-02-19 16:15:53.129075
91,ml,0,0,0,0,0,0.0,0,0,0,0,500.0,500.0,0.0,0,2026-02-15 12:15:53.398109,2026-02-19 16:15:53.398113
92,rule,0,0,0,0,0,0.0,0,0,0,0,500.0,500.0,0.0,0,2026-02-15 12:15:53.626496,2026-02-19 16:15:53.626500
92,ml,0,0,0,0,0,0.0,0,0,0,0,500.0,500.0,0.0,0,2026-02-15 12:15:53.895401,2026-02-19 16:15:53.895405
93,rule,0,0,0,0,0,0.0,0,0,0,0,500.0,500.0,0.0,0,2026-02-15 12:15:54.119938,2026-02-19 16:15:54.119945
93,ml,0,0,0,0,0,0.0,0,0,0,0,500.0,500.0,0.0,0,2026-02-15 12:15:54.562014,2026-02-19 16:15:54.562019
94,rule,0,0,0,0,0,0.0,0,0,0,0,500.0,500.0,0.0,0,2026-02-15 12:15:54.833959,2026-02-19 16:15:54.833964
94,ml,0,0,0,0,0,0.0,0,0,0,0,500.0,500.0,0.0,0,2026-02-15 12:15:55.272821,2026-02-19 16:15:55.272832
95,rule,0,0,0,0,0,0.0,0,0,0,0,500.0,500.0,0.0,0,2026-02-15 12:15:55.600997,2026-02-19 16:15:55.601001
95,ml,0,0,0,0,0,0.0,0,0,0,0,500.0,500.0,0.0,0,2026-02-15 12:15:55.954070,2026-02-19 16:15:55.954075
96,rule,0,0,0,0,0,0.0,0,0,0,0,500.0,500.0,0.0,0,2026-02-15 12:15:56.224157,2026-02-19 16:15:56.224161
96,ml,0,0,0,0,0,0.0,0,0,0,0,500.0,500.0,0.0,0,2026-02-15 12:15:56.496465,2026-02-19 16:15:56.496470
97,rule,0,0,0,0,0,0.0,0,0,0,0,500.0,500.0,0.0,0,2026-02-15 12:15:56.951985,2026-02-19 16:15:56.951992
97,ml,0,0,0,0,0,0.0,0,0,0,0,500.0,500.0,0.0,0,2026-02-15 12:15:57.307886,2026-02-19 16:15:57.307895
98,rule,0,0,0,0,0,0.0,0,0,0,0,500.0,500.0,0.0,0,2026-02-15 12:15:57.603207,2026-02-19 16:15:57.603230
98,ml,0,0,0,0,0,0.0,0,0,0,0,500.0,500.0,0.0,0,2026-02-15 12:15:57.937089,2026-02-19 16:15:57.937101
99,rule,0,0,0,0,0,0.0,0,0,0,0,500.0,500.0,0.0,0,2026-02-15 12:15:58.232739,2026-02-19 16:15:58.232746
99,ml,0,0,0,0,0,0.0,0,0,0,0,500.0,500.0,0.0,0,2026-02-15 12:15:58.563092,2026-02-19 16:15:58.563100
100,rule,0,0,0,0,0,0.0,0,0,0,0,500.0,500.0,0.0,0,2026-02-15 12:15:59.020889,2026-02-19 16:15:59.020899
100,ml,0,0,0,0,0,0.0,0,0,0,0,500.0,500.0,0.0,0,2026-02-15 12:15:59.385015,2026-02-19 16:15:59.385023
101,rule,0,0,0,0,0,0.0,0,0,0,0,500.0,500.0,0.0,0,2026-02-15 12:15:59.679226,2026-02-19 16:15:59.679232
101,ml,0,0,0,0,0,0.0,0,0,0,0,500.0,500.0,0.0,0,2026-02-15 12:16:00.012874,2026-02-19 16:16:00.012880
102,rule,0,0,0,0,0,0.0,0,0,0,0,500.0,500.0,0.0,0,2026-02-15 12:16:00.533926,2026-02-19 16:16:00.533932
102,ml,0,0,0,0,0,0.0,0,0,0,0,500.0,500.0,0.0,0,2026-02-15 12:16:00.861649,2026-02-19 16:16:00.861655
103,rule,0,0,0,0,0,0.0,0,0,0,0,500.0,500.0,0.0,0,2026-02-15 12:16:01.114472,2026-02-19 16:16:01.114478
103,ml,0,0,0,0,0,0.0,0,0,0,0,500.0,500.0,0.0,0,2026-02-15 12:16:01.388439,2026-02-19 16:16:01.388450
104,rule,0,0,0,0,0,0.0,0,0,0,0,500.0,500.0,0.0,0,2026-02-15 12:16:01.624886,2026-02-19 16:16:01.624890
104,ml,0,0,0,0,0,0.0,0,0,0,0,500.0,500.0,0.0,0,2026-02-15 12:16:01.896730,2026-02-19 16:16:01.896734
105,rule,0,0,0,0,0,0.0,0,0,0,0,500.0,500.0,0.0,0,2026-02-15 12:16:02.119446,2026-02-19 16:16:02.119451
105,ml,0,0,0,0,0,0.0,0,0,0,0,500.0,500.0,0.0,0,2026-02-15 12:16:02.549784,2026-02-19 16:16:02.549793
106,rule,0,0,0,0,0,0.0,0,0,0,0,500.0,500.0,0.0,0,2026-02-15 12:16:02.800570,2026-02-19 16:16:02.800574
106,ml,0,0,0,0,0,0.0,0,0,0,0,500.0,500.0,0.0,0,2026-02-15 12:16:03.056941,2026-02-19 16:16:03.056947
107,rule,0,0,0,0,0,0.0,0,0,0,0,500.0,500.0,0.0,0,2026-02-15 12:16:03.289447,2026-02-19 16:16:03.289450
107,ml,0,0,0,0,0,0.0,0,0,0,0,500.0,500.0,0.0,0,2026-02-15 12:16:03.550635,2026-02-19 16:16:03.550639
108,rule,0,0,0,0,0,0.0,0,0,0,0,500.0,500.0,0.0,0,2026-02-15 12:16:03.779911,2026-02-19 16:16:03.779916
108,ml,0,0,0,0,0,0.0,0,0,0,0,500.0,500.0,0.0,0,2026-02-15 12:16:04.039398,2026-02-19 16:16:04.039402
109,rule,0,0,0,0,0,0.0,0,0,0,0,500.0,500.0,0.0,0,2026-02-15 12:16:04.269608,2026-02-19 16:16:04.269612
109,ml,0,0,0,0,0,0.0,0,0,0,0,500.0,500.0,0.0,0,2026-02-15 12:16:04.528969,2026-02-19 16:16:04.528972
110,rule,0,0,0,0,0,0.0,0,0,0,0,500.0,500.0,0.0,0,2026-02-15 12:16:04.759165,2026-02-19 16:16:04.759199
110,ml,0,0,0,0,0,0.0,0,0,0,0,500.0,500.0,0.0,0,2026-02-15 12:16:05.014040,2026-02-19 16:16:05.014044
111,rule,0,0,0,0,0,0.0,0,0,0,0,500.0,500.0,0.0,0,2026-02-15 12:16:05.326651,2026-02-19 16:16:05.326657
111,ml,0,0,0,0,0,0.0,0,0,0,0,500.0,500.0,0.0,0,2026-02-15 12:16:05.798187,2026-02-19 16:16:05.798191
112,rule,0,0,0,0,0,0.0,0,0,0,0,500.0,500.0,0.0,0,2026-02-15 12:16:06.020625,2026-02-19 16:16:06.020634
112,ml,0,0,0,0,0,0.0,0,0,0,0,500.0,500.0,0.0,0,2026-02-15 12:16:06.281614,2026-02-19 16:16:06.281618
113,rule,0,0,0,0,0,0.0,0,0,0,0,500.0,500.0,0.0,0,2026-02-15 12:16:06.507428,2026-02-19 16:16:06.507432
113,ml,0,0,0,0,0,0.0,0,0,0,0,500.0,500.0,0.0,0,2026-02-15 12:16:06.771317,2026-02-19 16:16:06.771325
114,rule,0,0,0,0,0,0.0,0,0,0,0,500.0,500.0,0.0,0,2026-02-15 12:16:06.994426,2026-02-19 16:16:06.994432
114,ml,0,0,0,0,0,0.0,0,0,0,0,500.0,500.0,0.0,0,2026-02-15 12:16:07.261495,2026-02-19 16:16:07.261500
115,rule,0,0,0,0,0,0.0,0,0,0,0,500.0,500.0,0.0,0,2026-02-15 12:16:07.486519,2026-02-19 16:16:07.486523
115,ml,0,0,0,0,0,0.0,0,0,0,0,500.0,500.0,0.0,0,2026-02-15 12:16:07.920287,2026-02-19 16:16:07.920295
116,rule,0,0,0,0,0,0.0,0,0,0,0,500.0,500.0,0.0,0,2026-02-15 12:16:08.346400,2026-02-19 16:16:08.346406
116,ml,0,0,0,0,0,0.0,0,0,0,0,500.0,500.0,0.0,0,2026-02-15 12:16:08.757112,2026-02-19 16:16:08.757149
117,rule,0,0,0,0,0,0.0,0,0,0,0,500.0,500.0,0.0,0,2026-02-15 12:16:09.363105,2026-02-19 16:16:09.363110
117,ml,0,0,0,0,0,0.0,0,0,0,0,500.0,500.0,0.0,0,2026-02-15 12:16:09.802939,2026-02-19 16:16:09.802943
118,rule,0,0,0,0,0,0.0,0,0,0,0,500.0,500.0,0.0,0,2026-02-15 12:16:10.026408,2026-02-19 16:16:10.026412
118,ml,0,0,0,0,0,0.0,0,0,0,0,500.0,500.0,0.0,0,2026-02-15 12:16:10.299362,2026-02-19 16:16:10.299370
119,rule,0,0,0,0,0,0.0,0,0,0,0,500.0,500.0,0.0,0,2026-02-15 12:16:10.529762,2026-02-19 16:16:10.529766
119,ml,0,0,0,0,0,0.0,0,0,0,0,500.0,500.0,0.0,0,2026-02-15 12:16:10.796752,2026-02-19 16:16:10.796756
120,rule,0,0,0,0,0,0.0,0,0,0,0,500.0,500.0,0.0,0,2026-02-15 12:16:11.046846,2026-02-19 16:16:11.046854
120,ml,0,0,0,0,0,0.0,0,0,0,0,500.0,500.0,0.0,0,2026-02-15 12:16:11.322070,2026-02-19 16:16:11.322078
121,rule,0,0,0,0,0,0.0,0,0,0,0,500.0,500.0,0.0,0,2026-02-15 12:16:11.549519,2026-02-19 16:16:11.549525
121,ml,0,0,0,0,0,0.0,0,0,0,0,500.0,500.0,0.0,0,2026-02-15 12:16:11.820970,2026-02-19 16:16:11.820976
122,rule,0,0,0,0,0,0.0,0,0,0,0,500.0,500.0,0.0,0,2026-02-15 12:16:12.053609,2026-02-19 16:16:12.053619
122,ml,0,0,0,0,0,0.0,0,0,0,0,500.0,500.0,0.0,0,2026-02-15 12:16:12.340604,2026-02-19 16:16:12.340608
123,rule,0,0,0,0,0,0.0,0,0,0,0,500.0,500.0,0.0,0,2026-02-15 12:16:12.681208,2026-02-19 16:16:12.681211
123,ml,0,0,0,0,0,0.0,0,0,0,0,500.0,500.0,0.0,0,2026-02-15 12:16:12.971187,2026-02-19 16:16:12.971194
124,rule,0,0,0,0,0,0.0,0,0,0,0,500.0,500.0,0.0,0,2026-02-15 12:16:13.212309,2026-02-19 16:16:13.212316
124,ml,0,0,0,0,0,0.0,0,0,0,0,500.0,500.0,0.0,0,2026-02-15 12:16:13.479304,2026-02-19 16:16:13.479311
125,rule,0,0,0,0,0,0.0,0,0,0,0,500.0,500.0,0.0,0,2026-02-15 12:16:13.715785,2026-02-19 16:16:13.715792
125,ml,0,0,0,0,0,0.0,0,0,0,0,500.0,500.0,0.0,0,2026-02-15 12:16:13.996356,2026-02-19 16:16:13.996360
126,rule,0,0,0,0,0,0.0,0,0,0,0,500.0,500.0,0.0,0,2026-02-15 12:16:14.276127,2026-02-19 16:16:14.276131
126,ml,0,0,0,0,0,0.0,0,0,0,0,500.0,500.0,0.0,0,2026-02-15 12:16:14.537376,2026-02-19 16:16:14.537383
127,rule,0,0,0,0,0,0.0,0,0,0,0,500.0,500.0,0.0,0,2026-02-15 12:16:14.774117,2026-02-19 16:16:14.774121
127,ml,0,0,0,0,0,0.0,0,0,0,0,500.0,500.0,0.0,0,2026-02-15 12:16:15.141323,2026-02-19 16:16:15.141329
128,rule,0,0,0,0,0,0.0,0,0,0,0,500.0,500.0,0.0,0,2026-02-15 12:16:15.658032,2026-02-19 16:16:15.658040
128,ml,0,0,0,0,0,0.0,0,0,0,0,500.0,500.0,0.0,0,2026-02-15 12:16:15.942801,2026-02-19 16:16:15.942805
129,rule,0,0,0,0,0,0.0,0,0,0,0,500.0,500.0,0.0,0,2026-02-15 12:16:16.183423,2026-02-19 16:16:16.183428
129,ml,0,0,0,0,0,0.0,0,0,0,0,500.0,500.0,0.0,0,2026-02-15 12:16:16.546210,2026-02-19 16:16:16.546214
130,rule,0,0,0,0,0,0.0,0,0,0,0,500.0,500.0,0.0,0,2026-02-15 12:16:16.840860,2026-02-19 16:16:16.840866
130,ml,0,0,0,0,0,0.0,0,0,0,0,500.0,500.0,0.0,0,2026-02-15 12:16:17.111103,2026-02-19 16:16:17.111108
131,rule,0,0,0,0,0,0.0,0,0,0,0,500.0,500.0,0.0,0,2026-02-15 12:16:17.500838,2026-02-19 16:16:17.500880
131,ml,0,0,0,0,0,0.0,0,0,0,0,500.0,500.0,0.0,0,2026-02-15 12:16:17.777788,2026-02-19 16:16:17.777792
132,rule,0,0,0,0,0,0.0,0,0,0,0,500.0,500.0,0.0,0,2026-02-15 12:16:18.021437,2026-02-19 16:16:18.021441
132,ml,0,0,0,0,0,0.0,0,0,0,0,500.0,500.0,0.0,0,2026-02-15 12:16:18.287682,2026-02-19 16:16:18.287695
133,rule,0,0,0,0,0,0.0,0,0,0,0,500.0,500.0,0.0,0,2026-02-15 12:16:18.529489,2026-02-19 16:16:18.529492
133,ml,0,0,0,0,0,0.0,0,0,0,0,500.0,500.0,0.0,0,2026-02-15 12:16:18.800069,2026-02-19 16:16:18.800073
134,rule,0,0,0,0,0,0.0,0,0,0,0,500.0,500.0,0.0,0,2026-02-15 12:16:19.025253,2026-02-19 16:16:19.025257
134,ml,0,0,0,0,0,0.0,0,0,0,0,500.0,500.0,0.0,0,2026-02-15 12:16:19.293495,2026-02-19 16:16:19.293501
135,rule,0,0,0,0,0,0.0,0,0,0,0,500.0,500.0,0.0,0,2026-02-15 12:16:19.706883,2026-02-19 16:16:19.706889
135,ml,0,0,0,0,0,0.0,0,0,0,0,500.0,500.0,0.0,0,2026-02-15 12:16:19.983214,2026-02-19 16:16:19.983218
136,rule,0,0,0,0,0,0.0,0,0,0,0,500.0,500.0,0.0,0,2026-02-15 12:16:20.213369,2026-02-19 16:16:20.213373
136,ml,0,0,0,0,0,0.0,0,0,0,0,500.0,500.0,0.0,0,2026-02-15 12:16:20.490878,2026-02-19 16:16:20.490886
137,rule,0,0,0,0,0,0.0,0,0,0,0,500.0,500.0,0.0,0,2026-02-15 12:16:20.722007,2026-02-19 16:16:20.722011
137,ml,0,0,0,0,0,0.0,0,0,0,0,500.0,500.0,0.0,0,2026-02-15 12:16:20.977734,2026-02-19 16:16:20.977738
138,rule,0,0,0,0,0,0.0,0,0,0,0,500.0,500.0,0.0,0,2026-02-15 12:16:21.211920,2026-02-19 16:16:21.211924
138,ml,0,0,0,0,0,0.0,0,0,0,0,500.0,500.0,0.0,0,2026-02-15 12:16:21.476002,2026-02-19 16:16:21.476006
139,rule,0,0,0,0,0,0.0,0,0,0,0,500.0,500.0,0.0,0,2026-02-15 12:16:21.885488,2026-02-19 16:16:21.885492
139,ml,0,0,0,0,0,0.0,0,0,0,0,500.0,500.0,0.0,0,2026-02-15 12:16:22.148429,2026-02-19 16:16:22.148434
140,rule,0,0,0,0,0,0.0,0,0,0,0,500.0,500.0,0.0,0,2026-02-15 12:16:22.373524,2026-02-19 16:16:22.373529
140,ml,0,0,0,0,0,0.0,0,0,0,0,500.0,500.0,0.0,0,2026-02-15 12:16:22.629707,2026-02-19 16:16:22.629712
141,rule,0,0,0,0,0,0.0,0,0,0,0,500.0,500.0,0.0,0,2026-02-15 12:16:22.858985,2026-02-19 16:16:22.858989
141,ml,0,0,0,0,0,0.0,0,0,0,0,500.0,500.0,0.0,0,2026-02-15 12:16:23.114438,2026-02-19 16:16:23.114442
142,rule,0,0,0,0,0,0.0,0,0,0,0,500.0,500.0,0.0,0,2026-02-15 12:16:23.344148,2026-02-19 16:16:23.344152
142,ml,0,0,0,0,0,0.0,0,0,0,0,500.0,500.0,0.0,0,2026-02-15 12:16:23.774269,2026-02-19 16:16:23.774274
143,rule,0,0,0,0,0,0.0,0,0,0,0,500.0,500.0,0.0,0,2026-02-15 12:16:24.009976,2026-02-19 16:16:24.009982
143,ml,0,0,0,0,0,0.0,0,0,0,0,500.0,500.0,0.0,0,2026-02-15 12:16:24.481438,2026-02-19 16:16:24.481442
144,rule,0,0,0,0,0,0.0,0,0,0,0,500.0,500.0,0.0,0,2026-02-15 12:16:24.723012,2026-02-19 16:16:24.723016
144,ml,0,0,0,0,0,0.0,0,0,0,0,500.0,500.0,0.0,0,2026-02-15 12:16:24.991683,2026-02-19 16:16:24.991687
145,rule,0,0,0,0,0,0.0,0,0,0,0,500.0,500.0,0.0,0,2026-02-15 12:16:25.225292,2026-02-19 16:16:25.225297
145,ml,0,0,0,0,0,0.0,0,0,0,0,500.0,500.0,0.0,0,2026-02-15 12:16:25.502606,2026-02-19 16:16:25.502693
146,rule,0,0,0,0,0,0.0,0,0,0,0,500.0,500.0,0.0,0,2026-02-15 12:16:25.942433,2026-02-19 16:16:25.942444
146,ml,0,0,0,0,0,0.0,0,0,0,0,500.0,500.0,0.0,0,2026-02-15 12:16:26.255498,2026-02-19 16:16:26.255504
147,rule,0,0,0,0,0,0.0,0,0,0,0,500.0,500.0,0.0,0,2026-02-15 12:16:26.481940,2026-02-19 16:16:26.481944
147,ml,0,0,0,0,0,0.0,0,0,0,0,500.0,500.0,0.0,0,2026-02-15 12:16:26.748100,2026-02-19 16:16:26.748106
148,rule,0,0,0,0,0,0.0,0,0,0,0,500.0,500.0,0.0,0,2026-02-15 12:16:26.972689,2026-02-19 16:16:26.972693
148,ml,0,0,0,0,0,0.0,0,0,0,0,500.0,500.0,0.0,0,2026-02-15 12:16:27.237687,2026-02-19 16:16:27.237693
149,rule,0,0,0,0,0,0.0,0,0,0,0,500.0,500.0,0.0,0,2026-02-15 12:16:27.467162,2026-02-19 16:16:27.467197
149,ml,0,0,0,0,0,0.0,0,0,0,0,500.0,500.0,0.0,0,2026-02-15 12:16:27.734938,2026-02-19 16:16:27.734943
150,rule,0,0,0,0,0,0.0,0,0,0,0,500.0,500.0,0.0,0,2026-02-15 12:16:28.129584,2026-02-19 16:16:28.129589
150,ml,0,0,0,0,0,0.0,0,0,0,0,500.0,500.0,0.0,0,2026-02-15 12:16:28.399075,2026-02-19 16:16:28.399079
151,rule,0,0,0,0,0,0.0,0,0,0,0,500.0,500.0,0.0,0,2026-02-15 12:16:28.621766,2026-02-19 16:16:28.621770
151,ml,0,0,0,0,0,0.0,0,0,0,0,500.0,500.0,0.0,0,2026-02-15 12:16:28.882481,2026-02-19 16:16:28.882487
152,rule,0,0,0,0,0,0.0,0,0,0,0,500.0,500.0,0.0,0,2026-02-15 12:16:29.105036,2026-02-19 16:16:29.105040
152,ml,0,0,0,0,0,0.0,0,0,0,0,500.0,500.0,0.0,0,2026-02-15 12:16:29.371019,2026-02-19 16:16:29.371023
153,rule,0,0,0,0,0,0.0,0,0,0,0,500.0,500.0,0.0,0,2026-02-15 12:16:29.594805,2026-02-19 16:16:29.594809
153,ml,0,0,0,0,0,0.0,0,0,0,0,500.0,500.0,0.0,0,2026-02-15 12:16:29.859550,2026-02-19 16:16:29.859558
154,rule,0,0,0,0,0,0.0,0,0,0,0,500.0,500.0,0.0,0,2026-02-15 12:16:30.083893,2026-02-19 16:16:30.083897
154,ml,0,0,0,0,0,0.0,0,0,0,0,500.0,500.0,0.0,0,2026-02-15 12:16:30.354127,2026-02-19 16:16:30.354136
155,rule,0,0,0,0,0,0.0,0,0,0,0,500.0,500.0,0.0,0,2026-02-15 12:16:30.589693,2026-02-19 16:16:30.589697
155,ml,0,0,0,0,0,0.0,0,0,0,0,500.0,500.0,0.0,0,2026-02-15 12:16:31.013170,2026-02-19 16:16:31.013175
156,rule,0,0,0,0,0,0.0,0,0,0,0,500.0,500.0,0.0,0,2026-02-15 12:16:31.240641,2026-02-19 16:16:31.240645
156,ml,0,0,0,0,0,0.0,0,0,0,0,500.0,500.0,0.0,0,2026-02-15 12:16:31.500765,2026-02-19 16:16:31.500769
157,rule,0,0,0,0,0,0.0,0,0,0,0,500.0,500.0,0.0,0,2026-02-15 12:16:31.731040,2026-02-19 16:16:31.731044
157,ml,0,0,0,0,0,0.0,0,0,0,0,500.0,500.0,0.0,0,2026-02-15 12:16:31.992152,2026-02-19 16:16:31.992156
158,rule,0,0,0,0,0,0.0,0,0,0,0,500.0,500.0,0.0,0,2026-02-15 12:16:32.397834,2026-02-19 16:16:32.397838
158,ml,0,0,0,0,0,0.0,0,0,0,0,500.0,500.0,0.0,0,2026-02-15 12:16:32.675096,2026-02-19 16:16:32.675100
159,rule,0,0,0,0,0,0.0,0,0,0,0,500.0,500.0,0.0,0,2026-02-15 12:16:32.903993,2026-02-19 16:16:32.904000
159,ml,0,0,0,0,0,0.0,0,0,0,0,500.0,500.0,0.0,0,2026-02-15 12:16:33.175598,2026-02-19 16:16:33.175602
160,rule,0,0,0,0,0,0.0,0,0,0,0,500.0,500.0,0.0,0,2026-02-15 12:16:33.399440,2026-02-19 16:16:33.399444
160,ml,0,0,0,0,0,0.0,0,0,0,0,500.0,500.0,0.0,0,2026-02-15 12:16:33.661215,2026-02-19 16:16:33.661219
161,rule,0,0,0,0,0,0.0,0,0,0,0,500.0,500.0,0.0,0,2026-02-15 12:16:33.884925,2026-02-19 16:16:33.884930
161,ml,0,0,0,0,0,0.0,0,0,0,0,500.0,500.0,0.0,0,2026-02-15 12:16:34.143979,2026-02-19 16:16:34.143985
162,rule,0,0,0,0,0,0.0,0,0,0,0,500.0,500.0,0.0,0,2026-02-15 12:16:34.371822,2026-02-19 16:16:34.371826
162,ml,0,0,0,0,0,0.0,0,0,0,0,500.0,500.0,0.0,0,2026-02-15 12:16:34.627885,2026-02-19 16:16:34.627889
163,rule,0,0,0,0,0,0.0,0,0,0,0,500.0,500.0,0.0,0,2026-02-15 12:16:35.058175,2026-02-19 16:16:35.058180
163,ml,0,0,0,0,0,0.0,0,0,0,0,500.0,500.0,0.0,0,2026-02-15 12:16:35.324324,2026-02-19 16:16:35.324328
164,rule,0,0,0,0,0,0.0,0,0,0,0,500.0,500.0,0.0,0,2026-02-15 12:16:35.563932,2026-02-19 16:16:35.563935
164,ml,0,0,0,0,0,0.0,0,0,0,0,500.0,500.0,0.0,0,2026-02-15 12:16:35.892175,2026-02-19 16:16:35.892180
165,rule,0,0,0,0,0,0.0,0,0,0,0,500.0,500.0,0.0,0,2026-02-15 12:16:36.112519,2026-02-19 16:16:36.112523
165,ml,0,0,0,0,0,0.0,0,0,0,0,500.0,500.0,0.0,0,2026-02-15 12:16:36.377098,2026-02-19 16:16:36.377102
166,rule,0,0,0,0,0,0.0,0,0,0,0,500.0,500.0,0.0,0,2026-02-15 12:16:36.603467,2026-02-19 16:16:36.603529
166,ml,0,0,0,0,0,0.0,0,0,0,0,500.0,500.0,0.0,0,2026-02-15 12:16:36.870471,2026-02-19 16:16:36.870477
167,rule,0,0,0,0,0,0.0,0,0,0,0,500.0,500.0,0.0,0,2026-02-15 12:16:37.093080,2026-02-19 16:16:37.093085
167,ml,0,0,0,0,0,0.0,0,0,0,0,500.0,500.0,0.0,0,2026-02-15 12:16:37.358622,2026-02-19 16:16:37.358627
168,rule,0,0,0,0,0,0.0,0,0,0,0,500.0,500.0,0.0,0,2026-02-15 12:16:37.580225,2026-02-19 16:16:37.580230
168,ml,0,0,0,0,0,0.0,0,0,0,0,500.0,500.0,0.0,0,2026-02-15 12:16:37.844908,2026-02-19 16:16:37.844912
169,rule,0,0,0,0,0,0.0,0,0,0,0,500.0,500.0,0.0,0,2026-02-15 12:16:38.070180,2026-02-19 16:16:38.070183
169,ml,0,0,0,0,0,0.0,0,0,0,0,500.0,500.0,0.0,0,2026-02-15 12:16:38.335171,2026-02-19 16:16:38.335177
170,rule,0,0,0,0,0,0.0,0,0,0,0,500.0,500.0,0.0,0,2026-02-15 12:16:38.559139,2026-02-19 16:16:38.559143
170,ml,0,0,0,0,0,0.0,0,0,0,0,500.0,500.0,0.0,0,2026-02-15 12:16:38.935513,2026-02-19 16:16:38.935523
171,rule,0,0,0,0,0,0.0,0,0,0,0,500.0,500.0,0.0,0,2026-02-15 12:16:39.187897,2026-02-19 16:16:39.187901
171,ml,0,0,0,0,0,0.0,0,0,0,0,500.0,500.0,0.0,0,2026-02-15 12:16:39.447189,2026-02-19 16:16:39.447197
172,rule,0,0,0,0,0,0.0,0,0,0,0,500.0,500.0,0.0,0,2026-02-15 12:16:39.871267,2026-02-19 16:16:39.871272
172,ml,0,0,0,0,0,0.0,0,0,0,0,500.0,500.0,0.0,0,2026-02-15 12:16:40.143349,2026-02-19 16:16:40.143355
173,rule,0,0,0,0,0,0.0,0,0,0,0,500.0,500.0,0.0,0,2026-02-15 12:16:40.396556,2026-02-19 16:16:40.396563
173,ml,0,0,0,0,0,0.0,0,0,0,0,500.0,500.0,0.0,0,2026-02-15 12:16:40.673658,2026-02-19 16:16:40.673662
174,rule,0,0,0,0,0,0.0,0,0,0,0,500.0,500.0,0.0,0,2026-02-15 12:16:40.897267,2026-02-19 16:16:40.897271
174,ml,0,0,0,0,0,0.0,0,0,0,0,500.0,500.0,0.0,0,2026-02-15 12:16:41.158140,2026-02-19 16:16:41.158144
175,rule,0,0,0,0,0,0.0,0,0,0,0,500.0,500.0,0.0,0,2026-02-15 12:16:41.381578,2026-02-19 16:16:41.381583
175,ml,0,0,0,0,0,0.0,0,0,0,0,500.0,500.0,0.0,0,2026-02-15 12:16:41.647766,2026-02-19 16:16:41.647772
176,rule,0,0,0,0,0,0.0,0,0,0,0,500.0,500.0,0.0,0,2026-02-15 12:16:41.875358,2026-02-19 16:16:41.875361
176,ml,0,0,0,0,0,0.0,0,0,0,0,500.0,500.0,0.0,0,2026-02-15 12:16:42.134095,2026-02-19 16:16:42.134100
177,rule,0,0,0,0,0,0.0,0,0,0,0,500.0,500.0,0.0,0,2026-02-15 12:16:42.361701,2026-02-19 16:16:42.361706
177,ml,0,0,0,0,0,0.0,0,0,0,0,500.0,500.0,0.0,0,2026-02-15 12:16:42.644777,2026-02-19 16:16:42.644781
178,rule,0,0,0,0,0,0.0,0,0,0,0,500.0,500.0,0.0,0,2026-02-15 12:16:43.047560,2026-02-19 16:16:43.047570
178,ml,0,0,0,0,0,0.0,0,0,0,0,500.0,500.0,0.0,0,2026-02-15 12:16:43.312674,2026-02-19 16:16:43.312678
179,rule,0,0,0,0,0,0.0,0,0,0,0,500.0,500.0,0.0,0,2026-02-15 12:16:43.536132,2026-02-19 16:16:43.536155
179,ml,0,0,0,0,0,0.0,0,0,0,0,500.0,500.0,0.0,0,2026-02-15 12:16:43.802021,2026-02-19 16:16:43.802064
180,rule,0,0,0,0,0,0.0,0,0,0,0,500.0,500.0,0.0,0,2026-02-15 12:16:44.027230,2026-02-19 16:16:44.027234
180,ml,0,0,0,0,0,0.0,0,0,0,0,500.0,500.0,0.0,0,2026-02-15 12:16:44.321608,2026-02-19 16:16:44.321612
181,rule,0,0,0,0,0,0.0,0,0,0,0,500.0,500.0,0.0,0,2026-02-15 12:16:44.542809,2026-02-19 16:16:44.542814
181,ml,0,0,0,0,0,0.0,0,0,0,0,500.0,500.0,0.0,0,2026-02-15 12:16:44.809736,2026-02-19 16:16:44.809740
182,rule,0,0,0,0,0,0.0,0,0,0,0,500.0,500.0,0.0,0,2026-02-15 12:16:45.032923,2026-02-19 16:16:45.032927
182,ml,0,0,0,0,0,0.0,0,0,0,0,500.0,500.0,0.0,0,2026-02-15 12:16:45.506549,2026-02-19 16:16:45.506554
183,rule,0,0,0,0,0,0.0,0,0,0,0,500.0,500.0,0.0,0,2026-02-15 12:16:45.823736,2026-02-19 16:16:45.823741
183,ml,0,0,0,0,0,0.0,0,0,0,0,500.0,500.0,0.0,0,2026-02-15 12:16:46.144918,2026-02-19 16:16:46.144922
184,rule,0,0,0,0,0,0.0,0,0,0,0,500.0,500.0,0.0,0,2026-02-15 12:16:46.373321,2026-02-19 16:16:46.373327
184,ml,0,0,0,0,0,0.0,0,0,0,0,500.0,500.0,0.0,0,2026-02-15 12:16:46.644615,2026-02-19 16:16:46.644620
185,rule,0,0,0,0,0,0.0,0,0,0,0,500.0,500.0,0.0,0,2026-02-15 12:16:46.870148,2026-02-19 16:16:46.870155
185,ml,0,0,0,0,0,0.0,0,0,0,0,500.0,500.0,0.0,0,2026-02-15 12:16:47.128522,2026-02-19 16:16:47.128526
186,rule,0,0,0,0,0,0.0,0,0,0,0,500.0,500.0,0.0,0,2026-02-15 12:16:47.778213,2026-02-19 16:16:47.778216
186,ml,0,0,0,0,0,0.0,0,0,0,0,500.0,500.0,0.0,0,2026-02-15 12:16:48.050360,2026-02-19 16:16:48.050364
187,rule,0,0,0,0,0,0.0,0,0,0,0,500.0,500.0,0.0,0,2026-02-15 12:16:48.291880,2026-02-19 16:16:48.291885
187,ml,0,0,0,0,0,0.0,0,0,0,0,500.0,500.0,0.0,0,2026-02-15 12:16:48.548403,2026-02-19 16:16:48.548407
188,rule,0,0,0,0,0,0.0,0,0,0,0,500.0,500.0,0.0,0,2026-02-15 12:16:48.780255,2026-02-19 16:16:48.780259
188,ml,0,0,0,0,0,0.0,0,0,0,0,500.0,500.0,0.0,0,2026-02-15 12:16:49.038741,2026-02-19 16:16:49.038745
189,rule,0,0,0,0,0,0.0,0,0,0,0,500.0,500.0,0.0,0,2026-02-15 12:16:49.270105,2026-02-19 16:16:49.270108
189,ml,0,0,0,0,0,0.0,0,0,0,0,500.0,500.0,0.0,0,2026-02-15 12:16:49.717426,2026-02-19 16:16:49.717430
190,rule,0,0,0,0,0,0.0,0,0,0,0,500.0,500.0,0.0,0,2026-02-15 12:16:49.938279,2026-02-19 16:16:49.938283
190,ml,0,0,0,0,0,0.0,0,0,0,0,500.0,500.0,0.0,0,2026-02-15 12:16:50.205049,2026-02-19 16:16:50.205053
191,rule,0,0,0,0,0,0.0,0,0,0,0,500.0,500.0,0.0,0,2026-02-15 12:16:50.447851,2026-02-19 16:16:50.447855
191,ml,0,0,0,0,0,0.0,0,0,0,0,500.0,500.0,0.0,0,2026-02-15 12:16:50.713313,2026-02-19 16:16:50.713317
192,rule,0,0,0,0,0,0.0,0,0,0,0,500.0,500.0,0.0,0,2026-02-15 12:16:50.937752,2026-02-19 16:16:50.937756
192,ml,0,0,0,0,0,0.0,0,0,0,0,500.0,500.0,0.0,0,2026-02-15 12:16:51.203157,2026-02-19 16:16:51.203163
193,rule,0,0,0,0,0,0.0,0,0,0,0,500.0,500.0,0.0,0,2026-02-15 12:16:51.424430,2026-02-19 16:16:51.424434
193,ml,0,0,0,0,0,0.0,0,0,0,0,500.0,500.0,0.0,0,2026-02-15 12:16:51.831788,2026-02-19 16:16:51.831792
194,rule,0,0,0,0,0,0.0,0,0,0,0,500.0,500.0,0.0,0,2026-02-15 12:16:52.055877,2026-02-19 16:16:52.055881
194,ml,0,0,0,0,0,0.0,0,0,0,0,500.0,500.0,0.0,0,2026-02-15 12:16:52.320724,2026-02-19 16:16:52.320728
195,rule,0,0,0,0,0,0.0,0,0,0,0,500.0,500.0,0.0,0,2026-02-15 12:16:52.541309,2026-02-19 16:16:52.541313
195,ml,0,0,0,0,0,0.0,0,0,0,0,500.0,500.0,0.0,0,2026-02-15 12:16:52.805979,2026-02-19 16:16:52.805983
196,rule,0,0,0,0,0,0.0,0,0,0,0,500.0,500.0,0.0,0,2026-02-15 12:16:53.027118,2026-02-19 16:16:53.027121
196,ml,0,0,0,0,0,0.0,0,0,0,0,500.0,500.0,0.0,0,2026-02-15 12:16:53.291384,2026-02-19 16:16:53.291388
197,rule,0,0,0,0,0,0.0,0,0,0,0,500.0,500.0,0.0,0,2026-02-15 12:16:53.513024,2026-02-19 16:16:53.513028
197,ml,0,0,0,0,0,0.0,0,0,0,0,500.0,500.0,0.0,0,2026-02-15 12:16:53.776604,2026-02-19 16:16:53.776608
198,rule,0,0,0,0,0,0.0,0,0,0,0,500.0,500.0,0.0,0,2026-02-15 12:16:53.996386,2026-02-19 16:16:53.996390
198,ml,0,0,0,0,0,0.0,0,0,0,0,500.0,500.0,0.0,0,2026-02-15 12:16:54.259703,2026-02-19 16:16:54.259707
199,rule,0,0,0,0,0,0.0,0,0,0,0,500.0,500.0,0.0,0,2026-02-15 12:16:54.484174,2026-02-19 16:16:54.484179
199,ml,0,0,0,0,0,0.0,0,0,0,0,500.0,500.0,0.0,0,2026-02-15 12:16:54.853383,2026-02-19 16:16:54.853399
