timestamp,capital,cash,position_value,open_positions
2026-02-14 15:18:29.171746,500.0,500.0,0.0,0
2026-02-14 15:18:29.172192,500.0,,,0
2026-02-14 16:18:29.171750,500.0,500.0,0.0,0
2026-02-14 17:18:29.171750,500.0,500.0,0.0,0
2026-02-14 18:18:29.171750,500.0,500.0,0.0,0
2026-02-14 19:18:29.171750,500.0,500.0,0.0,0
2026-02-14 20:18:29.171750,500.0,500.0,0.0,0
2026-02-14 21:18:29.171750,500.0,500.0,0.0,0
2026-02-14 22:18:29.171750,500.0,500.0,0.0,0
2026-02-14 23:18:29.171750,500.0,500.0,0.0,0
2026-02-15 00:18:29.171750,500.0,500.0,0.0,0
2026-02-15 01:18:29.171750,500.0,500.0,0.0,0
2026-02-15 02:18:29.171750,500.0,500.0,0.0,0
2026-02-15 03:18:29.171750,500.0,500.0,0.0,0
2026-02-15 04:18:29.171750,500.0,500.0,0.0,0
2026-02-15 05:18:29.171750,500.0,500.0,0.0,0
2026-02-15 06:18:29.171750,500.0,500.0,0.0,0
2026-02-15 07:18:29.171750,500.0,500.0,0.0,0
2026-02-15 08:18:29.171750,500.0,500.0,0.0,0
2026-02-15 09:18:29.171750,500.0,500.0,0.0,0
2026-02-15 10:18:29.171750,500.0,500.0,0.0,0
2026-02-15 11:18:29.171750,500.0,500.0,0.0,0
2026-02-15 12:18:29.171750,500.0,500.0,0.0,0
2026-02-15 13:18:29.171750,500.0,500.0,0.0,0
2026-02-15 14:18:29.171750,500.0,500.0,0.0,0
2026-02-15 15:18:29.171750,500.0,500.0,0.0,0
2026-02-15 16:18:29.171750,500.0,500.0,0.0,0
2026-02-15 17:18:29.171750,500.0,500.0,0.0,0
2026-02-15 18:18:29.171750,500.0,500.0,0.0,0
2026-02-15 19:18:29.171750,500.0,500.0,0.0,0
2026-02-15 20:18:29.171750,500.0,500.0,0.0,0
2026-02-15 21:18:29.171750,500.0,500.0,0.0,0
2026-02-15 22:18:29.171750,500.0,500.0,0.0,0
2026-02-15 23:18:29.171750,500.0,500.0,0.0,0
2026-02-16 00:18:29.171750,500.0,500.0,0.0,0
2026-02-16 01:18:29.171750,500.0,500.0,0.0,0
2026-02-16 02:18:29.171750,500.0,500.0,0.0,0
2026-02-16 03:18:29.171750,500.0,500.0,0.0,0
2026-02-16 04:18:29.171750,500.0,500.0,0.0,0
2026-02-16 05:18:29.171750,500.0,500.0,0.0,0
2026-02-16 06:18:29.171750,500.0,500.0,0.0,0
2026-02-16 07:18:29.171750,500.0,500.0,0.0,0
2026-02-16 08:18:29.171750,500.0,500.0,0.0,0
2026-02-16 09:18:29.171750,500.0,500.0,0.0,0
2026-02-16 10:18:29.171750,500.0,500.0,0.0,0
2026-02-16 11:18:29.171750,500.0,500.0,0.0,0
2026-02-16 12:18:29.171750,500.0,500.0,0.0,0
2026-02-16 13:18:29.171750,500.0,500.0,0.0,0
2026-02-16 14:18:29.171750,500.0,500.0,0.0,0
2026-02-16 15:18:29.171750,500.0,500.0,0.0,0
2026-02-16 16:18:29.171750,500.0,500.0,0.0,0
2026-02-16 17:18:29.171750,500.0,500.0,0.0,0
2026-02-16 18:18:29.171750,500.0,500.0,0.0,0
2026-02-16 19:18:29.171750,500.0,500.0,0.0,0
2026-02-16 20:18:29.171750,500.0,500.0,0.0,0
2026-02-16 21:18:29.171750,500.0,500.0,0.0,0
2026-02-16 22:18:29.171750,500.0,500.0,0.0,0
2026-02-16 23:18:29.171750,500.0,500.0,0.0,0
2026-02-17 00:18:29.171750,500.0,500.0,0.0,0
2026-02-17 01:18:29.171750,500.0,500.0,0.0,0
2026-02-17 02:18:29.171750,500.0,500.0,0.0,0
2026-02-17 03:18:29.171750,500.0,500.0,0.0,0
2026-02-17 04:18:29.171750,500.0,500.0,0.0,0
2026-02-17 05:18:29.171750,500.0,500.0,0.0,0
2026-02-17 06:18:29.171750,500.0,500.0,0.0,0
2026-02-17 07:18:29.171750,500.0,500.0,0.0,0
2026-02-17 08:18:29.171750,500.0,500.0,0.0,0
2026-02-17 09:18:29.171750,500.0,500.0,0.0,0
2026-02-17 10:18:29.171750,500.0,500.0,0.0,0
2026-02-17 11:18:29.171750,500.0,500.0,0.0,0
2026-02-17 12:18:29.171750,500.0,500.0,0.0,0
2026-02-17 13:18:29.171750,500.0,500.0,0.0,0
2026-02-17 14:18:29.171750,500.0,500.0,0.0,0
2026-02-17 15:18:29.171750,500.0,500.0,0.0,0
2026-02-17 16:18:29.171750,500.0,500.0,0.0,0
2026-02-17 17:18:29.171750,500.0,500.0,0.0,0
2026-02-17 18:18:29.171750,500.0,500.0,0.0,0
2026-02-17 19:18:29.171750,500.0,500.0,0.0,0
2026-02-17 20:18:29.171750,500.0,500.0,0.0,0
2026-02-17 21:18:29.171750,500.0,500.0,0.0,0
2026-02-17 22:18:29.171750,500.0,500.0,0.0,0
2026-02-17 23:18:29.171750,500.0,500.0,0.0,0
2026-02-18 00:18:29.171750,500.0,500.0,0.0,0
2026-02-18 01:18:29.171750,500.0,500.0,0.0,0
2026-02-18 02:18:29.171750,500.0,500.0,0.0,0
2026-02-18 03:18:29.171750,500.0,500.0,0.0,0
2026-02-18 04:18:29.171750,500.0,500.0,0.0,0
2026-02-18 05:18:29.171750,500.0,500.0,0.0,0
2026-02-18 06:18:29.171750,500.0,500.0,0.0,0
2026-02-18 07:18:29.171750,500.0,500.0,0.0,0
2026-02-18 08:18:29.171750,500.0,500.0,0.0,0
2026-02-18 09:18:29.171750,500.0,500.0,0.0,0
2026-02-18 10:18:29.171750,500.0,500.0,0.0,0
2026-02-18 11:18:29.171750,500.0,500.0,0.0,0
2026-02-18 12:18:29.171750,500.0,500.0,0.0,0
2026-02-18 13:18:29.171750,500.0,500.0,0.0,0
2026-02-18 14:18:29.171750,500.0,500.0,0.0,0
2026-02-18 15:18:29.171750,500.0,500.0,0.0,0
2026-02-18 16:18:29.171750,500.0,500.0,0.0,0
2026-02-18 17:18:29.171750,500.0,500.0,0.0,0
2026-02-18 18:18:29.171750,500.0,500.0,0.0,0
2026-02-18 19:18:29.171750,500.0,500.0,0.0,0
2026-02-18 20:18:29.171750,500.0,500.0,0.0,0
2026-02-18 21:18:29.171750,500.0,500.0,0.0,0
2026-02-18 22:18:29.171750,500.0,500.0,0.0,0
2026-02-18 23:18:29.171750,500.0,500.0,0.0,0
2026-02-19 00:18:29.171750,500.0,500.0,0.0,0
2026-02-19 01:18:29.171750,500.0,500.0,0.0,0
2026-02-19 02:18:29.171750,500.0,500.0,0.0,0
2026-02-19 03:18:29.171750,500.0,500.0,0.0,0
2026-02-19 04:18:29.171750,500.0,500.0,0.0,0
2026-02-19 05:18:29.171750,500.0,500.0,0.0,0
2026-02-19 06:18:29.171750,500.0,500.0,0.0,0
2026-02-19 07:18:29.171750,500.0,500.0,0.0,0
2026-02-19 08:18:29.171750,500.0,500.0,0.0,0
2026-02-19 09:18:29.171750,500.0,500.0,0.0,0
2026-02-19 10:18:29.171750,500.0,500.0,0.0,0
2026-02-19 11:18:29.171750,500.0,500.0,0.0,0
2026-02-19 12:18:29.171750,500.0,500.0,0.0,0
2026-02-19 13:18:29.171750,500.0,500.0,0.0,0
2026-02-19 14:18:29.171750,499.7979674895096,230.4212868355781,269.3766806539315,1
2026-02-19 15:18:29.171750,500.18397327195623,500.18397327195623,0.0,0
2026-02-19 16:18:29.171750,500.18397327195623,500.18397327195623,0.0,0
2026-02-19 17:18:29.171750,500.18397327195623,500.18397327195623,0.0,0
2026-02-19 18:18:29.171750,500.18397327195623,500.18397327195623,0.0,0
2026-02-19 19:18:29.171750,500.18397327195623,500.18397327195623,0.0,0
2026-02-19 20:18:29.171750,500.18397327195623,500.18397327195623,0.0,0
2026-02-19 21:18:29.171750,500.18397327195623,500.18397327195623,0.0,0
2026-02-19 22:18:29.171750,500.18397327195623,500.18397327195623,0.0,0
2026-02-19 23:18:29.171750,500.18397327195623,500.18397327195623,0.0,0
2026-02-20 00:18:29.171750,500.18397327195623,500.18397327195623,0.0,0
2026-02-20 01:18:29.171750,500.18397327195623,500.18397327195623,0.0,0
2026-02-20 02:18:29.171750,500.18397327195623,500.18397327195623,0.0,0
2026-02-20 03:18:29.171750,500.18397327195623,500.18397327195623,0.0,0
2026-02-20 04:18:29.171750,500.18397327195623,500.18397327195623,0.0,0
2026-02-20 05:18:29.171750,500.18397327195623,500.18397327195623,0.0,0
2026-02-20 06:18:29.171750,500.18397327195623,500.18397327195623,0.0,0
2026-02-20 07:18:29.171750,500.18397327195623,500.18397327195623,0.0,0
2026-02-20 08:18:29.171750,500.18397327195623,500.18397327195623,0.0,0
2026-02-20 09:18:29.171750,500.18397327195623,500.18397327195623,0.0,0
2026-02-20 10:18:29.171750,500.18397327195623,500.18397327195623,0.0,0
2026-02-20 11:18:29.171750,500.18397327195623,500.18397327195623,0.0,0
2026-02-20 12:18:29.171750,500.18397327195623,500.18397327195623,0.0,0
2026-02-20 13:18:29.171750,500.18397327195623,500.18397327195623,0.0,0
2026-02-20 14:18:29.171750,500.18397327195623,500.18397327195623,0.0,0
2026-02-20 15:18:29.171750,500.18397327195623,500.18397327195623,0.0,0
2026-02-20 16:18:29.171750,500.18397327195623,500.18397327195623,0.0,0
2026-02-20 17:18:29.171750,500.18397327195623,500.18397327195623,0.0,0
2026-02-20 18:18:29.171750,500.18397327195623,500.18397327195623,0.0,0
2026-02-20 19:18:29.171750,500.18397327195623,500.18397327195623,0.0,0
2026-02-20 20:18:29.171750,500.18397327195623,500.18397327195623,0.0,0
2026-02-20 21:18:29.171750,500.18397327195623,500.18397327195623,0.0,0
2026-02-20 22:18:29.171750,500.18397327195623,500.18397327195623,0.0,0
2026-02-20 23:18:29.171750,500.18397327195623,500.18397327195623,0.0,0
2026-02-21 00:18:29.171750,500.18397327195623,500.18397327195623,0.0,0
2026-02-21 01:18:29.171750,500.18397327195623,500.18397327195623,0.0,0
2026-02-21 02:18:29.171750,500.18397327195623,500.18397327195623,0.0,0
2026-02-21 03:18:29.171750,500.18397327195623,500.18397327195623,0.0,0
2026-02-21 04:18:29.171750,500.18397327195623,500.18397327195623,0.0,0
2026-02-21 05:18:29.171750,500.18397327195623,500.18397327195623,0.0,0
2026-02-21 06:18:29.171750,500.18397327195623,500.18397327195623,0.0,0
2026-02-21 07:18:29.171750,500.18397327195623,500.18397327195623,0.0,0
2026-02-21 08:18:29.171750,500.18397327195623,500.18397327195623,0.0,0
2026-02-21 09:18:29.171750,500.18397327195623,500.18397327195623,0.0,0
2026-02-21 10:18:29.171750,500.18397327195623,500.18397327195623,0.0,0
2026-02-21 11:18:29.171750,500.18397327195623,500.18397327195623,0.0,0
2026-02-21 12:18:29.171750,500.18397327195623,500.18397327195623,0.0,0
2026-02-21 13:18:29.171750,500.18397327195623,500.18397327195623,0.0,0
2026-02-21 14:18:29.171750,500.18397327195623,500.18397327195623,0.0,0
2026-02-21 15:18:29.171750,500.18397327195623,500.18397327195623,0.0,0
2026-02-21 16:18:29.171750,500.18397327195623,500.18397327195623,0.0,0
2026-02-21 17:18:29.171750,500.18397327195623,500.18397327195623,0.0,0
2026-02-21 18:18:29.171750,500.18397327195623,500.18397327195623,0.0,0
2026-02-21 19:18:29.171750,500.18397327195623,500.18397327195623,0.0,0
2026-02-21 20:18:29.171750,500.18397327195623,500.18397327195623,0.0,0
2026-02-21 21:18:29.171750,500.18397327195623,500.18397327195623,0.0,0
2026-02-21 22:18:29.171750,500.18397327195623,500.18397327195623,0.0,0
2026-02-21 23:18:29.171750,500.18397327195623,500.18397327195623,0.0,0
2026-02-22 00:18:29.171750,500.18397327195623,500.18397327195623,0.0,0
2026-02-22 01:18:29.171750,500.18397327195623,500.18397327195623,0.0,0
2026-02-22 02:18:29.171750,500.18397327195623,500.18397327195623,0.0,0
2026-02-22 03:18:29.171750,500.18397327195623,500.18397327195623,0.0,0
2026-02-22 04:18:29.171750,500.18397327195623,500.18397327195623,0.0,0
2026-02-22 05:18:29.171750,500.18397327195623,500.18397327195623,0.0,0
2026-02-22 06:18:29.171750,500.18397327195623,500.18397327195623,0.0,0
2026-02-22 07:18:29.171750,500.18397327195623,500.18397327195623,0.0,0
2026-02-22 08:18:29.171750,500.18397327195623,500.18397327195623,0.0,0
2026-02-22 09:18:29.171750,500.18397327195623,500.18397327195623,0.0,0
2026-02-22 10:18:29.171750,500.18397327195623,500.18397327195623,0.0,0
2026-02-22 11:18:29.171750,500.18397327195623,500.18397327195623,0.0,0
2026-02-22 12:18:29.171750,500.18397327195623,500.18397327195623,0.0,0
2026-02-22 13:18:29.171750,500.18397327195623,500.18397327195623,0.0,0
2026-02-22 14:18:29.171750,500.18397327195623,500.18397327195623,0.0,0
2026-02-22 15:18:29.171750,500.18397327195623,500.18397327195623,0.0,0
2026-02-22 16:18:29.171750,500.18397327195623,500.18397327195623,0.0,0
2026-02-22 17:18:29.171750,500.18397327195623,500.18397327195623,0.0,0
2026-02-22 18:18:29.171750,500.18397327195623,500.18397327195623,0.0,0
2026-02-22 19:18:29.171750,500.18397327195623,500.18397327195623,0.0,0
2026-02-22 20:18:29.171750,500.18397327195623,500.18397327195623,0.0,0
2026-02-22 21:18:29.171750,500.18397327195623,500.18397327195623,0.0,0
2026-02-22 22:18:29.171750,500.18397327195623,500.18397327195623,0.0,0
2026-02-22 23:18:29.171750,500.18397327195623,500.18397327195623,0.0,0
2026-02-23 00:18:29.171750,500.18397327195623,500.18397327195623,0.0,0
2026-02-23 01:18:29.171750,500.18397327195623,500.18397327195623,0.0,0
2026-02-23 02:18:29.171750,500.18397327195623,500.18397327195623,0.0,0
2026-02-23 03:18:29.171750,500.18397327195623,500.18397327195623,0.0,0
2026-02-23 04:18:29.171750,500.18397327195623,500.18397327195623,0.0,0
2026-02-23 05:18:29.171750,500.18397327195623,500.18397327195623,0.0,0
2026-02-23 06:18:29.171750,500.18397327195623,500.18397327195623,0.0,0
2026-02-23 07:18:29.171750,500.18397327195623,500.18397327195623,0.0,0
2026-02-23 08:18:29.171750,500.18397327195623,500.18397327195623,0.0,0
2026-02-23 09:18:29.171750,500.18397327195623,500.18397327195623,0.0,0
2026-02-23 10:18:29.171750,500.18397327195623,500.18397327195623,0.0,0
2026-02-23 11:18:29.171750,500.18397327195623,500.18397327195623,0.0,0
2026-02-23 12:18:29.171750,500.18397327195623,500.18397327195623,0.0,0
2026-02-23 13:18:29.171750,500.18397327195623,500.18397327195623,0.0,0
2026-02-23 14:18:29.171750,500.18397327195623,500.18397327195623,0.0,0
2026-02-23 15:18:29.171750,500.18397327195623,500.18397327195623,0.0,0
2026-02-23 16:18:29.171750,500.18397327195623,500.18397327195623,0.0,0
2026-02-23 17:18:29.171750,500.18397327195623,500.18397327195623,0.0,0
2026-02-23 18:18:29.171750,500.18397327195623,500.18397327195623,0.0,0
2026-02-23 19:18:29.171750,500.18397327195623,500.18397327195623,0.0,0
2026-02-23 20:18:29.171750,500.18397327195623,500.18397327195623,0.0,0
2026-02-23 21:18:29.171750,500.18397327195623,500.18397327195623,0.0,0
2026-02-23 22:18:29.171750,500.18397327195623,500.18397327195623,0.0,0
2026-02-23 23:18:29.171750,500.18397327195623,500.18397327195623,0.0,0
2026-02-24 00:18:29.171750,500.18397327195623,500.18397327195623,0.0,0
2026-02-24 01:18:29.171750,500.18397327195623,500.18397327195623,0.0,0
2026-02-24 02:18:29.171750,500.18397327195623,500.18397327195623,0.0,0
2026-02-24 03:18:29.171750,500.18397327195623,500.18397327195623,0.0,0
2026-02-24 04:18:29.171750,500.18397327195623,500.18397327195623,0.0,0
2026-02-24 05:18:29.171750,500.18397327195623,500.18397327195623,0.0,0
2026-02-24 06:18:29.171750,500.18397327195623,500.18397327195623,0.0,0
2026-02-24 07:18:29.171750,500.18397327195623,500.18397327195623,0.0,0
2026-02-24 08:18:29.171750,500.18397327195623,500.18397327195623,0.0,0
2026-02-24 09:18:29.171750,500.18397327195623,500.18397327195623,0.0,0
2026-02-24 10:18:29.171750,500.18397327195623,500.18397327195623,0.0,0
2026-02-24 11:18:29.171750,500.18397327195623,500.18397327195623,0.0,0
2026-02-24 12:18:29.171750,500.18397327195623,500.18397327195623,0.0,0
2026-02-24 13:18:29.171750,500.18397327195623,500.18397327195623,0.0,0
2026-02-24 14:18:29.171750,500.18397327195623,500.18397327195623,0.0,0
2026-02-24 15:18:29.171750,500.18397327195623,500.18397327195623,0.0,0
2026-02-24 16:18:29.171750,500.18397327195623,500.18397327195623,0.0,0
2026-02-24 17:18:29.171750,500.18397327195623,500.18397327195623,0.0,0
2026-02-24 18:18:29.171750,500.18397327195623,500.18397327195623,0.0,0
2026-02-24 19:18:29.171750,500.18397327195623,500.18397327195623,0.0,0
2026-02-24 20:18:29.171750,500.18397327195623,500.18397327195623,0.0,0
2026-02-24 21:18:29.171750,500.18397327195623,500.18397327195623,0.0,0
2026-02-24 22:18:29.171750,500.18397327195623,500.18397327195623,0.0,0
2026-02-24 23:18:29.171750,500.18397327195623,500.18397327195623,0.0,0
2026-02-25 00:18:29.171750,500.18397327195623,500.18397327195623,0.0,0
2026-02-25 01:18:29.171750,500.18397327195623,500.18397327195623,0.0,0
2026-02-25 02:18:29.171750,500.18397327195623,500.18397327195623,0.0,0
2026-02-25 03:18:29.171750,500.18397327195623,500.18397327195623,0.0,0
2026-02-25 04:18:29.171750,500.18397327195623,500.18397327195623,0.0,0
2026-02-25 05:18:29.171750,500.18397327195623,500.18397327195623,0.0,0
2026-02-25 06:18:29.171750,500.18397327195623,500.18397327195623,0.0,0
2026-02-25 07:18:29.171750,500.18397327195623,500.18397327195623,0.0,0
2026-02-25 08:18:29.171750,500.18397327195623,500.18397327195623,0.0,0
2026-02-25 09:18:29.171750,500.18397327195623,500.18397327195623,0.0,0
2026-02-25 10:18:29.171750,500.18397327195623,500.18397327195623,0.0,0
2026-02-25 11:18:29.171750,500.18397327195623,500.18397327195623,0.0,0
2026-02-25 12:18:29.171750,500.18397327195623,500.18397327195623,0.0,0
2026-02-25 13:18:29.171750,500.18397327195623,500.18397327195623,0.0,0
2026-02-25 14:18:29.171750,500.18397327195623,500.18397327195623,0.0,0
2026-02-25 15:18:29.171750,500.18397327195623,500.18397327195623,0.0,0
2026-02-25 16:18:29.171750,500.18397327195623,500.18397327195623,0.0,0
2026-02-25 17:18:29.171750,500.18397327195623,500.18397327195623,0.0,0
2026-02-25 18:18:29.171750,500.18397327195623,500.18397327195623,0.0,0
2026-02-25 19:18:29.171750,500.18397327195623,500.18397327195623,0.0,0
2026-02-25 20:18:29.171750,500.18397327195623,500.18397327195623,0.0,0
2026-02-25 21:18:29.171750,500.18397327195623,500.18397327195623,0.0,0
2026-02-25 22:18:29.171750,500.18397327195623,500.18397327195623,0.0,0
2026-02-25 23:18:29.171750,500.18397327195623,500.18397327195623,0.0,0
2026-02-26 00:18:29.171750,500.18397327195623,500.18397327195623,0.0,0
2026-02-26 01:18:29.171750,500.18397327195623,500.18397327195623,0.0,0
2026-02-26 02:18:29.171750,500.18397327195623,500.18397327195623,0.0,0
2026-02-26 03:18:29.171750,500.18397327195623,500.18397327195623,0.0,0
2026-02-26 04:18:29.171750,500.18397327195623,500.18397327195623,0.0,0
2026-02-26 05:18:29.171750,500.18397327195623,500.18397327195623,0.0,0
2026-02-26 06:18:29.171750,500.18397327195623,500.18397327195623,0.0,0
2026-02-26 07:18:29.171750,500.18397327195623,500.18397327195623,0.0,0
2026-02-26 08:18:29.171750,500.18397327195623,500.18397327195623,0.0,0
2026-02-26 09:18:29.171750,500.18397327195623,500.18397327195623,0.0,0
2026-02-26 10:18:29.171750,500.18397327195623,500.18397327195623,0.0,0
2026-02-26 11:18:29.171750,500.18397327195623,500.18397327195623,0.0,0
2026-02-26 12:18:29.171750,500.18397327195623,500.18397327195623,0.0,0
2026-02-26 13:18:29.171750,500.18397327195623,500.18397327195623,0.0,0
2026-02-26 14:18:29.171750,500.18397327195623,500.18397327195623,0.0,0
2026-02-26 15:18:29.171750,500.18397327195623,500.18397327195623,0.0,0
2026-02-26 16:18:29.171750,500.18397327195623,500.18397327195623,0.0,0
2026-02-26 17:18:29.171750,500.18397327195623,500.18397327195623,0.0,0
2026-02-26 18:18:29.171750,500.18397327195623,500.18397327195623,0.0,0
2026-02-26 19:18:29.171750,500.18397327195623,500.18397327195623,0.0,0
2026-02-26 20:18:29.171750,500.18397327195623,500.18397327195623,0.0,0
2026-02-26 21:18:29.171750,500.18397327195623,500.18397327195623,0.0,0
2026-02-26 22:18:29.171750,500.18397327195623,500.18397327195623,0.0,0
2026-02-26 23:18:29.171750,500.18397327195623,500.18397327195623,0.0,0
2026-02-27 00:18:29.171750,500.18397327195623,500.18397327195623,0.0,0
2026-02-27 01:18:29.171750,500.18397327195623,500.18397327195623,0.0,0
2026-02-27 02:18:29.171750,500.18397327195623,500.18397327195623,0.0,0
2026-02-27 03:18:29.171750,500.18397327195623,500.18397327195623,0.0,0
2026-02-27 04:18:29.171750,500.18397327195623,500.18397327195623,0.0,0
2026-02-27 05:18:29.171750,500.18397327195623,500.18397327195623,0.0,0
2026-02-27 06:18:29.171750,500.18397327195623,500.18397327195623,0.0,0
2026-02-27 07:18:29.171750,500.18397327195623,500.18397327195623,0.0,0
2026-02-27 08:18:29.171750,500.18397327195623,500.18397327195623,0.0,0
2026-02-27 09:18:29.171750,500.18397327195623,500.18397327195623,0.0,0
2026-02-27 10:18:29.171750,500.18397327195623,500.18397327195623,0.0,0
2026-02-27 11:18:29.171750,500.18397327195623,500.18397327195623,0.0,0
2026-02-27 12:18:29.171750,500.18397327195623,500.18397327195623,0.0,0
2026-02-27 13:18:29.171750,500.18397327195623,500.18397327195623,0.0,0
2026-02-27 14:18:29.171750,500.18397327195623,500.18397327195623,0.0,0
2026-02-27 15:18:29.171750,500.18397327195623,500.18397327195623,0.0,0
2026-02-27 16:18:29.171750,500.18397327195623,500.18397327195623,0.0,0
2026-02-27 17:18:29.171750,500.18397327195623,500.18397327195623,0.0,0
2026-02-27 18:18:29.171750,500.18397327195623,500.18397327195623,0.0,0
2026-02-27 19:18:29.171750,500.18397327195623,500.18397327195623,0.0,0
2026-02-27 20:18:29.171750,500.18397327195623,500.18397327195623,0.0,0
2026-02-27 21:18:29.171750,500.18397327195623,500.18397327195623,0.0,0
2026-02-27 22:18:29.171750,500.18397327195623,500.18397327195623,0.0,0
2026-02-27 23:18:29.171750,500.18397327195623,500.18397327195623,0.0,0
2026-02-28 00:18:29.171750,500.18397327195623,500.18397327195623,0.0,0
2026-02-28 01:18:29.171750,500.18397327195623,500.18397327195623,0.0,0
2026-02-28 02:18:29.171750,500.18397327195623,500.18397327195623,0.0,0
2026-02-28 03:18:29.171750,500.18397327195623,500.18397327195623,0.0,0
2026-02-28 04:18:29.171750,500.18397327195623,500.18397327195623,0.0,0
2026-02-28 05:18:29.171750,500.18397327195623,500.18397327195623,0.0,0
2026-02-28 06:18:29.171750,500.18397327195623,500.18397327195623,0.0,0
2026-02-28 07:18:29.171750,500.18397327195623,500.18397327195623,0.0,0
2026-02-28 08:18:29.171750,500.18397327195623,500.18397327195623,0.0,0
2026-02-28 09:18:29.171750,500.18397327195623,500.18397327195623,0.0,0
2026-02-28 10:18:29.171750,500.18397327195623,500.18397327195623,0.0,0
2026-02-28 11:18:29.171750,500.18397327195623,500.18397327195623,0.0,0
2026-02-28 12:18:29.171750,500.18397327195623,500.18397327195623,0.0,0
2026-02-28 13:18:29.171750,500.18397327195623,500.18397327195623,0.0,0
2026-02-28 14:18:29.171750,500.18397327195623,500.18397327195623,0.0,0
2026-02-28 15:18:29.171750,500.18397327195623,500.18397327195623,0.0,0
2026-02-28 16:18:29.171750,500.18397327195623,500.18397327195623,0.0,0
2026-02-28 17:18:29.171750,500.18397327195623,500.18397327195623,0.0,0
2026-02-28 18:18:29.171750,500.18397327195623,500.18397327195623,0.0,0
2026-02-28 19:18:29.171750,500.18397327195623,500.18397327195623,0.0,0
2026-02-28 20:18:29.171750,500.18397327195623,500.18397327195623,0.0,0
2026-02-28 21:18:29.171750,500.18397327195623,500.18397327195623,0.0,0
2026-02-28 22:18:29.171750,500.18397327195623,500.18397327195623,0.0,0
2026-02-28 23:18:29.171750,500.18397327195623,500.18397327195623,0.0,0
2026-03-01 00:18:29.171750,500.18397327195623,500.18397327195623,0.0,0
2026-03-01 01:18:29.171750,500.18397327195623,500.18397327195623,0.0,0
2026-03-01 02:18:29.171750,500.18397327195623,500.18397327195623,0.0,0
2026-03-01 03:18:29.171750,500.18397327195623,500.18397327195623,0.0,0
2026-03-01 04:18:29.171750,500.18397327195623,500.18397327195623,0.0,0
2026-03-01 05:18:29.171750,500.18397327195623,500.18397327195623,0.0,0
2026-03-01 06:18:29.171750,500.18397327195623,500.18397327195623,0.0,0
2026-03-01 07:18:29.171750,500.18397327195623,500.18397327195623,0.0,0
2026-03-01 08:18:29.171750,500.18397327195623,500.18397327195623,0.0,0
2026-03-01 09:18:29.171750,500.18397327195623,500.18397327195623,0.0,0
2026-03-01 10:18:29.171750,500.18397327195623,500.18397327195623,0.0,0
2026-03-01 11:18:29.171750,500.18397327195623,500.18397327195623,0.0,0
2026-03-01 12:18:29.171750,500.18397327195623,500.18397327195623,0.0,0
2026-03-01 13:18:29.171750,500.18397327195623,500.18397327195623,0.0,0
2026-03-01 14:18:29.171750,500.18397327195623,500.18397327195623,0.0,0
2026-03-01 15:18:29.171750,500.18397327195623,500.18397327195623,0.0,0
2026-03-01 16:18:29.171750,500.18397327195623,500.18397327195623,0.0,0
2026-03-01 17:18:29.171750,500.18397327195623,500.18397327195623,0.0,0
2026-03-01 18:18:29.171750,500.18397327195623,500.18397327195623,0.0,0
2026-03-01 19:18:29.171750,500.18397327195623,500.18397327195623,0.0,0
2026-03-01 20:18:29.171750,500.18397327195623,500.18397327195623,0.0,0
2026-03-01 21:18:29.171750,500.18397327195623,500.18397327195623,0.0,0
2026-03-01 22:18:29.171750,500.18397327195623,500.18397327195623,0.0,0
2026-03-01 23:18:29.171750,500.18397327195623,500.18397327195623,0.0,0
2026-03-02 00:18:29.171750,500.18397327195623,500.18397327195623,0.0,0
2026-03-02 01:18:29.171750,500.18397327195623,500.18397327195623,0.0,0
2026-03-02 02:18:29.171750,500.18397327195623,500.18397327195623,0.0,0
2026-03-02 03:18:29.171750,500.18397327195623,500.18397327195623,0.0,0
2026-03-02 04:18:29.171750,500.18397327195623,500.18397327195623,0.0,0
2026-03-02 05:18:29.171750,500.18397327195623,500.18397327195623,0.0,0
2026-03-02 06:18:29.171750,500.18397327195623,500.18397327195623,0.0,0
2026-03-02 07:18:29.171750,500.18397327195623,500.18397327195623,0.0,0
2026-03-02 08:18:29.171750,500.18397327195623,500.18397327195623,0.0,0
2026-03-02 09:18:29.171750,500.18397327195623,500.18397327195623,0.0,0
2026-03-02 10:18:29.171750,500.18397327195623,500.18397327195623,0.0,0
2026-03-02 11:18:29.171750,500.18397327195623,500.18397327195623,0.0,0
2026-03-02 12:18:29.171750,500.18397327195623,500.18397327195623,0.0,0
2026-03-02 13:18:29.171750,500.18397327195623,500.18397327195623,0.0,0
2026-03-02 14:18:29.171750,500.18397327195623,500.18397327195623,0.0,0
2026-03-02 15:18:29.171750,500.18397327195623,500.18397327195623,0.0,0
2026-03-02 16:18:29.171750,500.18397327195623,500.18397327195623,0.0,0
2026-03-02 17:18:29.171750,500.18397327195623,500.18397327195623,0.0,0
2026-03-02 18:18:29.171750,500.18397327195623,500.18397327195623,0.0,0
2026-03-02 19:18:29.171750,500.18397327195623,500.18397327195623,0.0,0
2026-03-02 20:18:29.171750,500.18397327195623,500.18397327195623,0.0,0
2026-03-02 21:18:29.171750,500.18397327195623,500.18397327195623,0.0,0
2026-03-02 22:18:29.171750,500.18397327195623,500.18397327195623,0.0,0
2026-03-02 23:18:29.171750,500.18397327195623,500.18397327195623,0.0,0
2026-03-03 00:18:29.171750,500.18397327195623,500.18397327195623,0.0,0
2026-03-03 01:18:29.171750,500.18397327195623,500.18397327195623,0.0,0
2026-03-03 02:18:29.171750,500.18397327195623,500.18397327195623,0.0,0
2026-03-03 03:18:29.171750,500.18397327195623,500.18397327195623,0.0,0
2026-03-03 04:18:29.171750,500.18397327195623,500.18397327195623,0.0,0
2026-03-03 05:18:29.171750,500.18397327195623,500.18397327195623,0.0,0
2026-03-03 06:18:29.171750,500.18397327195623,500.18397327195623,0.0,0
2026-03-03 07:18:29.171750,500.18397327195623,500.18397327195623,0.0,0
2026-03-03 08:18:29.171750,500.18397327195623,500.18397327195623,0.0,0
2026-03-03 09:18:29.171750,500.18397327195623,500.18397327195623,0.0,0
2026-03-03 10:18:29.171750,500.18397327195623,500.18397327195623,0.0,0
2026-03-03 11:18:29.171750,500.18397327195623,500.18397327195623,0.0,0
2026-03-03 12:18:29.171750,500.18397327195623,500.18397327195623,0.0,0
2026-03-03 13:18:29.171750,500.18397327195623,500.18397327195623,0.0,0
2026-03-03 14:18:29.171750,500.18397327195623,500.18397327195623,0.0,0
2026-03-03 15:18:29.171750,500.18397327195623,500.18397327195623,0.0,0
2026-03-03 16:18:29.171750,500.18397327195623,500.18397327195623,0.0,0
2026-03-03 17:18:29.171750,500.18397327195623,500.18397327195623,0.0,0
2026-03-03 18:18:29.171750,500.18397327195623,500.18397327195623,0.0,0
2026-03-03 19:18:29.171750,500.18397327195623,500.18397327195623,0.0,0
2026-03-03 20:18:29.171750,500.18397327195623,500.18397327195623,0.0,0
2026-03-03 21:18:29.171750,500.18397327195623,500.18397327195623,0.0,0
2026-03-03 22:18:29.171750,500.18397327195623,500.18397327195623,0.0,0
2026-03-03 23:18:29.171750,500.18397327195623,500.18397327195623,0.0,0
2026-03-04 00:18:29.171750,500.18397327195623,500.18397327195623,0.0,0
2026-03-04 01:18:29.171750,500.18397327195623,500.18397327195623,0.0,0
2026-03-04 02:18:29.171750,500.18397327195623,500.18397327195623,0.0,0
2026-03-04 03:18:29.171750,500.18397327195623,500.18397327195623,0.0,0
2026-03-04 04:18:29.171750,500.18397327195623,500.18397327195623,0.0,0
2026-03-04 05:18:29.171750,500.18397327195623,500.18397327195623,0.0,0
2026-03-04 06:18:29.171750,500.18397327195623,500.18397327195623,0.0,0
2026-03-04 07:18:29.171750,500.18397327195623,500.18397327195623,0.0,0
2026-03-04 08:18:29.171750,500.18397327195623,500.18397327195623,0.0,0
2026-03-04 09:18:29.171750,500.18397327195623,500.18397327195623,0.0,0
2026-03-04 10:18:29.171750,500.18397327195623,500.18397327195623,0.0,0
2026-03-04 11:18:29.171750,500.18397327195623,500.18397327195623,0.0,0
2026-03-04 12:18:29.171750,500.18397327195623,500.18397327195623,0.0,0
2026-03-04 13:18:29.171750,500.18397327195623,500.18397327195623,0.0,0
2026-03-04 14:18:29.171750,500.18397327195623,500.18397327195623,0.0,0
2026-03-04 15:18:29.171750,500.18397327195623,500.18397327195623,0.0,0
2026-03-04 16:18:29.171750,500.18397327195623,500.18397327195623,0.0,0
2026-03-04 17:18:29.171750,500.18397327195623,500.18397327195623,0.0,0
2026-03-04 18:18:29.171750,500.18397327195623,500.18397327195623,0.0,0
2026-03-04 19:18:29.171750,500.18397327195623,500.18397327195623,0.0,0
2026-03-04 20:18:29.171750,500.18397327195623,500.18397327195623,0.0,0
2026-03-04 21:18:29.171750,500.18397327195623,500.18397327195623,0.0,0
2026-03-04 22:18:29.171750,500.18397327195623,500.18397327195623,0.0,0
2026-03-04 23:18:29.171750,500.18397327195623,500.18397327195623,0.0,0
2026-03-05 00:18:29.171750,500.18397327195623,500.18397327195623,0.0,0
2026-03-05 01:18:29.171750,500.18397327195623,500.18397327195623,0.0,0
2026-03-05 02:18:29.171750,500.18397327195623,500.18397327195623,0.0,0
2026-03-05 03:18:29.171750,500.18397327195623,500.18397327195623,0.0,0
2026-03-05 04:18:29.171750,500.18397327195623,500.18397327195623,0.0,0
2026-03-05 05:18:29.171750,500.18397327195623,500.18397327195623,0.0,0
2026-03-05 06:18:29.171750,500.18397327195623,500.18397327195623,0.0,0
2026-03-05 07:18:29.171750,500.18397327195623,500.18397327195623,0.0,0
2026-03-05 08:18:29.171750,500.18397327195623,500.18397327195623,0.0,0
2026-03-05 09:18:29.171750,500.18397327195623,500.18397327195623,0.0,0
2026-03-05 10:18:29.171750,500.18397327195623,500.18397327195623,0.0,0
2026-03-05 11:18:29.171750,500.18397327195623,500.18397327195623,0.0,0
2026-03-05 12:18:29.171750,500.18397327195623,500.18397327195623,0.0,0
2026-03-05 13:18:29.171750,500.18397327195623,500.18397327195623,0.0,0
2026-03-05 14:18:29.171750,500.18397327195623,500.18397327195623,0.0,0
2026-03-05 15:18:29.171750,500.18397327195623,500.18397327195623,0.0,0
2026-03-05 16:18:29.171750,500.18397327195623,500.18397327195623,0.0,0
2026-03-05 17:18:29.171750,500.18397327195623,500.18397327195623,0.0,0
2026-03-05 18:18:29.171750,500.18397327195623,500.18397327195623,0.0,0
2026-03-05 19:18:29.171750,500.18397327195623,500.18397327195623,0.0,0
2026-03-05 20:18:29.171750,500.18397327195623,500.18397327195623,0.0,0
2026-03-05 21:18:29.171750,500.18397327195623,500.18397327195623,0.0,0
2026-03-05 22:18:29.171750,500.18397327195623,500.18397327195623,0.0,0
2026-03-05 23:18:29.171750,500.18397327195623,500.18397327195623,0.0,0
2026-03-06 00:18:29.171750,500.18397327195623,500.18397327195623,0.0,0
2026-03-06 01:18:29.171750,500.18397327195623,500.18397327195623,0.0,0
2026-03-06 02:18:29.171750,500.18397327195623,500.18397327195623,0.0,0
2026-03-06 03:18:29.171750,500.18397327195623,500.18397327195623,0.0,0
2026-03-06 04:18:29.171750,500.18397327195623,500.18397327195623,0.0,0
2026-03-06 05:18:29.171750,500.18397327195623,500.18397327195623,0.0,0
2026-03-06 06:18:29.171750,500.18397327195623,500.18397327195623,0.0,0
2026-03-06 07:18:29.171750,500.18397327195623,500.18397327195623,0.0,0
2026-03-06 08:18:29.171750,500.18397327195623,500.18397327195623,0.0,0
2026-03-06 09:18:29.171750,500.18397327195623,500.18397327195623,0.0,0
2026-03-06 10:18:29.171750,500.18397327195623,500.18397327195623,0.0,0
2026-03-06 11:18:29.171750,500.18397327195623,500.18397327195623,0.0,0
2026-03-06 12:18:29.171750,500.18397327195623,500.18397327195623,0.0,0
2026-03-06 13:18:29.171750,500.18397327195623,500.18397327195623,0.0,0
2026-03-06 14:18:29.171750,500.18397327195623,500.18397327195623,0.0,0
2026-03-06 15:18:29.171750,500.18397327195623,500.18397327195623,0.0,0
2026-03-06 16:18:29.171750,500.18397327195623,500.18397327195623,0.0,0
2026-03-06 17:18:29.171750,500.18397327195623,500.18397327195623,0.0,0
2026-03-06 18:18:29.171750,500.18397327195623,500.18397327195623,0.0,0
2026-03-06 19:18:29.171750,500.18397327195623,500.18397327195623,0.0,0
2026-03-06 20:18:29.171750,500.18397327195623,500.18397327195623,0.0,0
2026-03-06 21:18:29.171750,500.18397327195623,500.18397327195623,0.0,0
2026-03-06 22:18:29.171750,500.18397327195623,500.18397327195623,0.0,0
2026-03-06 23:18:29.171750,500.18397327195623,500.18397327195623,0.0,0
2026-03-07 00:18:29.171750,500.18397327195623,500.18397327195623,0.0,0
2026-03-07 01:18:29.171750,500.18397327195623,500.18397327195623,0.0,0
2026-03-07 02:18:29.171750,500.18397327195623,500.18397327195623,0.0,0
2026-03-07 03:18:29.171750,500.18397327195623,500.18397327195623,0.0,0
2026-03-07 04:18:29.171750,500.18397327195623,500.18397327195623,0.0,0
2026-03-07 05:18:29.171750,500.18397327195623,500.18397327195623,0.0,0
2026-03-07 06:18:29.171750,500.18397327195623,500.18397327195623,0.0,0
2026-03-07 07:18:29.171750,500.18397327195623,500.18397327195623,0.0,0
2026-03-07 08:18:29.171750,500.18397327195623,500.18397327195623,0.0,0
2026-03-07 09:18:29.171750,500.18397327195623,500.18397327195623,0.0,0
2026-03-07 10:18:29.171750,500.18397327195623,500.18397327195623,0.0,0
2026-03-07 11:18:29.171750,500.18397327195623,500.18397327195623,0.0,0
